batch_id;cluster;ort;branche_code;branche;firmenname;rechtsform;strasse;plz;standort;telefon;geschaeftliche_email;website;kontaktseite_url;impressum_url;ansprechpartner;ansprechpartner_rolle;primaere_quellen_url;sekundaere_quellen_url;abrufdatum;mitarbeiterstatus;duplikat_status;notizen
O-WRN-FM-B01;Ostharz;Wernigerode;FM;Hausmeister-/Facility-Service;Haus & Garten Wernigerode;Einzelunternehmen;An der Orangerie 2;38855;Wernigerode;03943 903042;info@hausmeister-wernigerode.de;https://www.hausmeister-wernigerode.de;https://www.hausmeister-wernigerode.de/kontakt/;https://www.hausmeister-wernigerode.de/impressum/;Christian Franke;Inhaber;https://www.hausmeister-wernigerode.de/impressum/;https://www.gelbeseiten.de;20.08.2026;≤20 bestätigt;kein_duplikat;Objektbetreuung, Instandhaltung, Winterdienst
O-WRN-FM-B01;Ostharz;Wernigerode;FM;Hausmeister-/Facility-Service;Haus- und Gartenservice Patrick Frank;Einzelunternehmen;Halbe Str. 16;38855;Wernigerode OT Reddeber;03943 636399;hg-frank@web.de;https://www.haus-und-gartenservice.com;https://www.haus-und-gartenservice.com/kontakt/;https://www.haus-und-gartenservice.com/impressum/;Patrick Frank;Inhaber;https://www.haus-und-gartenservice.com/impressum/;https://www.dasoertliche.de;20.08.2026;≤20 bestätigt;kein_duplikat;Komplettbetreuung Wohn-/Gewerbeimmobilien, Winterdienst
O-WRN-FM-B01;Ostharz;Wernigerode;FM;Hausmeister-/Facility-Service;Hausmeisterdienst Hellmund;Einzelunternehmen;Brockenblick 20;38855;Wernigerode OT Reddeber;03943 630910;hellmund-hmd@t-online.de;https://www.hausmeisterdienst-hellmund.de;https://www.hausmeisterdienst-hellmund.de/kontakt;https://www.hausmeisterdienst-hellmund.de/impressum;Sebastian Hellmund;Inhaber;https://www.hausmeisterdienst-hellmund.de/impressum;https://www.creditreform.de;20.08.2026;≤20 bestätigt;kein_duplikat;Grundstückspflege, Winterdienst, Kleintransporte
O-WRN-FM-B01;Ostharz;Wernigerode;FM;Hausmeister-/Facility-Service;Gebäudereinigungs- und Grundstücksservice Andreas Appold;Einzelunternehmen;Zaunwiese 35;38855;Wernigerode;03943 5539778;info@hausmeisterservice-appold.de;https://www.hausmeisterservice-appold.de;https://www.hausmeisterservice-appold.de/kontakt.html;https://www.hausmeisterservice-appold.de/impressum.html;Andreas Appold;Inhaber;https://www.hausmeisterservice-appold.de/impressum.html;https://www.gelbeseiten.de;20.08.2026;≤20 bestätigt;kein_duplikat;Instandhaltung, Grünanlagenpflege, Winterdienst
O-WRN-FM-B01;Ostharz;Wernigerode;FM;Hausmeister-/Facility-Service;Dienstleistungsservice Sachtleben;Einzelunternehmen;Karl-Marx-Str. 24;38855;Wernigerode;0174 1905444;;;;;Tobias Sachtleben;Inhaber;https://www.dasoertliche.de;https://www.gelbeseiten.de;20.08.2026;unbekannt;kein_duplikat;Hausmeisterdienst, Objektkontrolle, Außenanlagen
O-WRN-FM-B01;Ostharz;Wernigerode;FM;Hausmeister-/Facility-Service;Hausmeister-Service Harz;Einzelunternehmen;Mühlental 22 e;38855;Wernigerode;03943 249283;;;;;;;https://www.dasoertliche.de;https://www.gelbeseiten.de;20.08.2026;unbekannt;kein_duplikat;Klassischer Hausmeisterdienst Mühlental
O-WRN-FM-B01;Ostharz;Wernigerode;FM;Hausmeister-/Facility-Service;Haus Service Harz HSH UG;UG (haftungsbeschränkt);Dornbergsweg 22;38855;Wernigerode;03943 55395;;;;;;;https://www.dasoertliche.de;https://www.dastelefonbuch.de;20.08.2026;unbekannt;kein_duplikat;Grundstücksbetreuung, Mieterservice
O-WRN-FM-B01;Ostharz;Wernigerode;FM;Hausmeister-/Facility-Service;Glas- und Gebäudereinigung Hausmeisterservice Rene Leiß;Einzelunternehmen;Am Kastanienwäldchen 13;38855;Wernigerode;03943 500697;;;;;Rene Leiß;Inhaber;https://www.dasoertliche.de;https://www.dastelefonbuch.de;20.08.2026;unbekannt;kein_duplikat;Kombinierter Gebäudereinigungs- und Hausmeisterservice
O-WRN-FM-B01;Ostharz;Wernigerode;FM;Hausmeister-/Facility-Service;Hausmeisterdienst Rüdiger Arlt;Einzelunternehmen;Barenberg 4;38879;Wernigerode OT Schierke;039455 371;;;;;Rüdiger Arlt;Inhaber;https://www.dastelefonbuch.de;https://www.11880.com;20.08.2026;unbekannt;kein_duplikat;Hausmeister- und Objektservice im Ortsteil Schierke
O-WRN-FM-B01;Ostharz;Wernigerode;FM;Hausmeister-/Facility-Service;Steffen Reinisch Haus- und Gartenservice;Einzelunternehmen;Burgmühlenstraße 13;38855;Wernigerode;03943 607277;;;;;Steffen Reinisch;Inhaber;https://www.gelbeseiten.de;https://www.dasoertliche.de;20.08.2026;unbekannt;kein_duplikat;Hausmeistertätigkeiten und Grundstückspflege
O-WRN-FM-B01;Ostharz;Wernigerode;FM;Hausmeister-/Facility-Service;Jo Allround-Service;Einzelunternehmen;Heinrich-Heine-Str. 120;38855;Wernigerode;03943 626673;;http://www.jo-allround.de;http://www.jo-allround.de;http://www.jo-allround.de;Joachim Karl Born;Inhaber;http://www.jo-allround.de;https://www.11880.com;20.08.2026;≤20 bestätigt;kein_duplikat;Hausmeisterservice, Montagearbeiten, Innenausbau
O-WRN-FM-B01;Ostharz;Wernigerode;FM;Hausmeister-/Facility-Service;Hausmeisterservice Neuhaus;Einzelunternehmen;August-Bebel-Platz 4;38855;Wernigerode;0176 86307194;stevenneuhaus783@gmail.com;;;;Steven Neuhaus;Inhaber;https://www.gelbeseiten.de;https://www.dienstleistungen24.de;20.08.2026;≤20 bestätigt;kein_duplikat;Hausmeisterservice, Entrümpelungen, Renovierungshilfe
O-WRN-FM-B01;Ostharz;Wernigerode;FM;Hausmeister-/Facility-Service;Sven Morenz Immobilien;Einzelunternehmen;Albert-Bartels-Straße 13a;38855;Wernigerode;0175 5920585;info@sven-morenz-immobilien.de;https://www.sven-morenz-immobilien.de;https://www.sven-morenz-immobilien.de/kontakt;https://www.sven-morenz-immobilien.de/impressum;Sven Morenz;Inhaber;https://www.sven-morenz-immobilien.de/impressum;https://www.trustlocal.de;20.08.2026;≤20 bestätigt;kein_duplikat;Immobilienbetreuung mit eigenem Hausmeisterservice & Außenpflege
O-WRN-GL-B01;Ostharz;Wernigerode;GL;Garten- und Landschaftsbau;Mitschurin Galabau & Technik GmbH;GmbH;Dornbergsweg 38;38855;Wernigerode;03943 264510;galabau@mitschurin.de;https://www.galabau-wernigerode.de;https://www.galabau-wernigerode.de;https://www.mitschurin.de;Christian Reinecke;Geschäftsführer;https://www.galabau-wernigerode.de;https://www.mitschurin.de;20.08.2026;≤20 bestätigt;kein_duplikat;Gewerblicher und privater GaLaBau, Außenanlagen, Pflasterung
O-WRN-GL-B01;Ostharz;Wernigerode;GL;Garten- und Landschaftsbau;Daniel Raeder Garten- und Landschaftsbau;Einzelunternehmen;Martin-Heinrich-Klaproth-Straße 31;38855;Wernigerode;03943 22314;raeder-galabau@t-online.de;https://www.galabau-raeder.de;https://www.galabau-raeder.de;https://www.galabau-raeder.de;Daniel Raeder;Inhaber;https://www.galabau-raeder.de;https://www.dasoertliche.de;20.08.2026;≤20 bestätigt;kein_duplikat;Pflasterarbeiten, Teichbau, Zaunbau, Baggerarbeiten, Pflege
O-WRN-GL-B01;Ostharz;Wernigerode;GL;Garten- und Landschaftsbau;Der Gärtner Lars Wetzig GmbH;GmbH;Albert-Bartels-Straße 15;38855;Wernigerode;03943 6959592;gala-wetzig@t-online.de;https://www.der-gaertner-lars-wetzig.de;https://www.der-gaertner-lars-wetzig.de;https://www.der-gaertner-lars-wetzig.de/impressum;Lars Wetzig;Geschäftsführer;https://www.der-gaertner-lars-wetzig.de/impressum;https://www.gartenbau.org;20.08.2026;≤20 bestätigt;kein_duplikat;Gartengestaltung Holz/Stein, Bewässerungsanlagen, Baumpflege
O-WRN-GL-B01;Ostharz;Wernigerode;GL;Garten- und Landschaftsbau;Baumdienst Wolke & Partner;GbR / Einzelunternehmen;Bei den Schlehen 25;38855;Wernigerode OT Silstedt;0177 7289473;;;;;Martin Wolke;Inhaber / Partner;https://www.gartenbau.org;https://www.dasoertliche.de;20.08.2026;≤20 bestätigt;kein_duplikat;Landschaftsgärtner, Baumpflege, Fällungen, Gartenpflege
O-WRN-GL-B01;Ostharz;Wernigerode;GL;Garten- und Landschaftsbau;Gärtnerei Wolfgang Bergfeld;Einzelunternehmen;Sandbrink 18;38855;Wernigerode;03943 632731;;;;;Wolfgang Bergfeld;Inhaber;https://www.gelbeseiten.de;https://www.dastelefonbuch.de;20.08.2026;≤20 bestätigt;kein_duplikat;Garten- und Landschaftsbau, Friedhofsgärtnerei, Bepflanzung
O-WRN-GL-B01;Ostharz;Wernigerode;GL;Garten- und Landschaftsbau;Baumservice Wernigerode;Einzelunternehmen;Georgiistr. 1 B;38855;Wernigerode;0160 97009717;;;;;;;https://www.gelbeseiten.de;https://www.meinestadt.de;20.08.2026;unbekannt;kein_duplikat;Spezialisierter Baumpflegebetrieb für Baumarbeiten
O-WRN-GL-B01;Ostharz;Wernigerode;GL;Garten- und Landschaftsbau;Michael Schmidt Wald & Flur Baum- und Landschaftspflege;Einzelunternehmen;Mühlental 57;38855;Wernigerode;03943 502098;;;;;Michael Schmidt;Inhaber;https://www.gelbeseiten.de;https://www.gartenbau.org;20.08.2026;≤20 bestätigt;kein_duplikat;Baum- und Landschaftspflege, Baggerarbeiten, Sachverständiger
O-WRN-SHK-B01;Ostharz;Wernigerode;SHK;Sanitär, Heizung, Klima;Firma Götze;Einzelunternehmen;Friedrichstraße 14;38855;Wernigerode;03943 632360;info@goetze-wr.de;https://www.goetze-wr.de;https://www.goetze-wr.de;https://www.goetze-wr.de;Andreas Götze;Inhaber;https://www.goetze-wr.de;https://www.wasserwaermeluft.de;20.08.2026;≤20 bestätigt;kein_duplikat;Heizungsbau, Sanitärinstallation, Badsanierung, Solartechnik
O-WRN-SHK-B01;Ostharz;Wernigerode;SHK;Sanitär, Heizung, Klima;Nick Meinecke Heizung & Sanitär;Einzelunternehmen;Brockenblick 4;38855;Wernigerode OT Reddeber;03943 607474;info@nm-heizung.de;https://www.nm-heizung.de;https://www.nm-heizung.de;https://www.nm-heizung.de;Nick Meinecke;Inhaber;https://www.nm-heizung.de;https://www.wasserwaermeluft.de;20.08.2026;≤20 bestätigt;kein_duplikat;Heizung, Lüftung, Bad/Sanitär, Solar, Wartung
O-WRN-SHK-B01;Ostharz;Wernigerode;SHK;Sanitär, Heizung, Klima;Ralf Posselt Sanitär-Heizung-Solaranlagen;Einzelunternehmen;Friederikental 2;38855;Wernigerode;03943 632296;;https://www.posselt-heizung.de;https://www.posselt-heizung.de;https://www.posselt-heizung.de;Ralf Posselt;Inhaber;https://www.posselt-heizung.de;https://www.wasserwaermeluft.de;20.08.2026;≤20 bestätigt;kein_duplikat;Sanitär- und Heizungsinstallation, Solarthermie
O-WRN-SHK-B01;Ostharz;Wernigerode;SHK;Sanitär, Heizung, Klima;IMO Gebäudetechnik Wernigerode GmbH;GmbH;Zaunwiese 6;38855;Wernigerode;03943 55390;info@imo-wernigerode.de;https://www.imo-wernigerode.de;https://www.imo-wernigerode.de;https://www.imo-wernigerode.de;Ingo Möller;Geschäftsführer;https://www.imo-wernigerode.de;https://www.gelbeseiten.de;20.08.2026;≤20 bestätigt;kein_duplikat;Heizungsbau, Klima- und Lüftungstechnik, Sanitär
O-WRN-SHK-B01;Ostharz;Wernigerode;SHK;Sanitär, Heizung, Klima;Marquardt - Haustechnik;Einzelunternehmen;Plemnitzstraße 28;38855;Wernigerode;03943 633190;;;;;Holger Saatze;Inhaber;https://www.dasoertliche.de;https://www.gelbeseiten.de;20.08.2026;≤20 bestätigt;kein_duplikat;Sanitär-, Heizungs- und Klimainstallation
O-WRN-SHK-B01;Ostharz;Wernigerode;SHK;Sanitär, Heizung, Klima;Frosch Installationen;Einzelunternehmen;Am Galgenberg 31;38855;Wernigerode;03943 605151;;;;;Axel Frosch;Inhaber;https://www.dasoertliche.de;https://www.gelbeseiten.de;20.08.2026;≤20 bestätigt;kein_duplikat;Heizungs-, Sanitär- und Klimatechnik
O-WRN-SHK-B01;Ostharz;Wernigerode;SHK;Sanitär, Heizung, Klima;Bergmann Hagen Heizung- und Sanitärinstallation;Einzelunternehmen;Friederikental 12 A;38855;Wernigerode;03943 634477;;;;;Hagen Bergmann;Inhaber;https://www.dasoertliche.de;https://www.gelbeseiten.de;20.08.2026;≤20 bestätigt;kein_duplikat;Heizungs- und Sanitärinstallation, Haustechnik
O-WRN-SHK-B01;Ostharz;Wernigerode;SHK;Sanitär, Heizung, Klima;Enrico Richter Sanitär Heizung Solar;Einzelunternehmen;Rosa-Luxemburg-Straße 27;38855;Wernigerode;03943 632420;;;;;Enrico Richter;Inhaber;https://www.dasoertliche.de;https://www.gelbeseiten.de;20.08.2026;≤20 bestätigt;kein_duplikat;Sanitärinstallation, Heizung, Solar, Regenwassernutzung
O-WRN-SHK-B01;Ostharz;Wernigerode;SHK;Sanitär, Heizung, Klima;Adenstedt-Randolff GmbH;GmbH;Friedrichstraße 130;38855;Wernigerode;03943 632314;;;;;Frank Randolff;Geschäftsführer;https://www.dasoertliche.de;https://www.gelbeseiten.de;20.08.2026;≤20 bestätigt;kein_duplikat;Sanitär, Heizung, Bauklempnerei
O-WRN-SHK-B01;Ostharz;Wernigerode;SHK;Sanitär, Heizung, Klima;Laue GmbH Heizung Sanitär;GmbH;Grüne Str. 8;38855;Wernigerode;03943 632128;;;;;;;https://www.dasoertliche.de;https://www.gelbeseiten.de;20.08.2026;≤20 bestätigt;kein_duplikat;Heizungs- und Sanitärtechnik
O-WRN-SHK-B01;Ostharz;Wernigerode;SHK;Sanitär, Heizung, Klima;Guido Hotopp Heizung- und Sanitärbetrieb;Einzelunternehmen;Friedenstr. 1;38855;Wernigerode OT Benzingerode;03943 634120;;;;;Guido Hotopp;Inhaber;https://www.dasoertliche.de;https://www.gelbeseiten.de;20.08.2026;≤20 bestätigt;kein_duplikat;Heizung- und Sanitärbetrieb in Benzingerode
O-WRN-SHK-B01;Ostharz;Wernigerode;SHK;Sanitär, Heizung, Klima;Ing. D. Raubald GmbH;GmbH;Weinbergstraße 23;38855;Wernigerode;03943 632335;;;;;Dirk Raubald;Geschäftsführer;https://www.gelbeseiten.de;https://www.dastelefonbuch.de;20.08.2026;≤20 bestätigt;kein_duplikat;Heizung, Lüftung, Sanitär, Haustechnik
O-WRN-SHK-B01;Ostharz;Wernigerode;SHK;Sanitär, Heizung, Klima;HSE Grüttner GmbH;GmbH;Benzingeröder Chaussee 41;38855;Wernigerode;03943 44658;info@hse-gruettner.de;https://www.hse-gruettner.de;https://www.hse-gruettner.de;https://www.hse-gruettner.de;Axel Grüttner;Geschäftsführer;https://www.hse-gruettner.de;https://www.northdata.de;20.08.2026;≤20 bestätigt;kein_duplikat;Heizung, Sanitär, Elektro, erneuerbare Energien
O-WRN-EL-B01;Ostharz;Wernigerode;EL;Elektro;Elektro-IMO GmbH;GmbH;Zaunwiese 6;38855;Wernigerode;03943 55390;info@elektro-imo.de;https://www.elektro-imo.de;https://www.elektro-imo.de;https://www.elektro-imo.de;Ingo Möller;Geschäftsführer;https://www.elektro-imo.de;https://www.gelbeseiten.de;20.08.2026;≤20 bestätigt;kein_duplikat;Elektroinstallationen, EIB/KNX, Datentechnik, Industriemontagen
O-WRN-EL-B01;Ostharz;Wernigerode;EL;Elektro;Elektro Gattermann GmbH;GmbH;Breite Str. 41;38855;Wernigerode;03943 632371;info@elektro-gattermann.de;https://www.elektro-gattermann.de;https://www.elektro-gattermann.de;https://www.elektro-gattermann.de;Ralf Gattermann;Geschäftsführer;https://www.elektro-gattermann.de;https://www.dasoertliche.de;20.08.2026;≤20 bestätigt;kein_duplikat;Elektroinstallationen, Beleuchtungsanlagen, Gebäudeautomation
O-WRN-EL-B01;Ostharz;Wernigerode;EL;Elektro;HIS - Harzer Industrie Service GmbH;GmbH;Dornbergsweg 43;38855;Wernigerode;03943 905000;info@his-wernigerode.de;https://www.his-wernigerode.de;https://www.his-wernigerode.de;https://www.his-wernigerode.de;René Schubert;Geschäftsführer;https://www.his-wernigerode.de;https://www.creditreform.de;20.08.2026;≤20 bestätigt;kein_duplikat;Gewerbliche Elektroinstallation, Photovoltaik, Schaltanlagenbau
O-WRN-EL-B01;Ostharz;Wernigerode;EL;Elektro;Nordharzer Elektrotechnik GmbH;GmbH;Dornbergsweg 31;38855;Wernigerode;03943 69120;info@nhe-gmbh.de;https://www.nhe-gmbh.de;https://www.nhe-gmbh.de;https://www.nhe-gmbh.de;Uwe Weiß;Geschäftsführer;https://www.nhe-gmbh.de;https://www.gelbeseiten.de;20.08.2026;≤20 bestätigt;kein_duplikat;Industrieautomation, Antriebstechnik, Schaltschrankbau
O-WRN-EL-B01;Ostharz;Wernigerode;EL;Elektro;Wilfried Kahler Elektromeisterbetrieb;Einzelunternehmen;Hasenwinkel 4;38855;Wernigerode;03943 601330;;;;;Wilfried Kahler;Inhaber;https://www.dasoertliche.de;https://www.elektriker.org;20.08.2026;≤20 bestätigt;kein_duplikat;Allgemeine Elektroinstallation, Smart Home, Haustechnik
O-WRN-EL-B01;Ostharz;Wernigerode;EL;Elektro;Elektro Ewert GbR;GbR;Ziegeleistr. 6;38855;Wernigerode OT Benzingerode;03943 632832;;;;;Frank Ewert;Inhaber / Gesellschafter;https://www.dasoertliche.de;https://www.gelbeseiten.de;20.08.2026;≤20 bestätigt;kein_duplikat;Elektroinstallationen, Lichttechnik, Reparaturen
O-WRN-EL-B01;Ostharz;Wernigerode;EL;Elektro;Steffen Diekmann Elektroinstallation;Einzelunternehmen;Lange Hecke 35;38855;Wernigerode;03943 605650;;;;;Steffen Diekmann;Inhaber;https://www.dasoertliche.de;https://www.gelbeseiten.de;20.08.2026;≤20 bestätigt;kein_duplikat;Elektroinstallationen im Wohn- und Gewerbebau
O-WRN-EL-B01;Ostharz;Wernigerode;EL;Elektro;Elektrohandwerksmeister Henry Kleemann;Einzelunternehmen;Blankenburger Str. 3;38855;Wernigerode OT Benzingerode;03943 634880;;;;;Henry Kleemann;Inhaber;https://www.dasoertliche.de;https://www.dastelefonbuch.de;20.08.2026;≤20 bestätigt;kein_duplikat;Elektromeisterbetrieb, Haus- und Gewerbeinstallation
O-WRN-EL-B01;Ostharz;Wernigerode;EL;Elektro;EML GmbH;GmbH;Unterm Wulfhorn 1;38855;Wernigerode;03943 500697;;;;;Rene Leiß;Geschäftsführer;https://www.dasoertliche.de;https://www.gelbeseiten.de;20.08.2026;≤20 bestätigt;kein_duplikat;Elektromontagen, Haustechnik, Gewerbeinstallation
O-WRN-EL-B01;Ostharz;Wernigerode;EL;Elektro;Elektro-Bartel;Einzelunternehmen;Am Horstberg 1;38855;Wernigerode;03943 632810;;;;;;;https://www.dasoertliche.de;https://www.dastelefonbuch.de;20.08.2026;unbekannt;kein_duplikat;Elektroinstallationen und Reparaturen
O-WRN-EL-B01;Ostharz;Wernigerode;EL;Elektro;Huch Elektro;Einzelunternehmen;Am Galgenberg 5;38855;Wernigerode;03943 605177;;;;;Stefan Christiansen;Inhaber;https://www.dasoertliche.de;https://www.gelbeseiten.de;20.08.2026;≤20 bestätigt;kein_duplikat;Elektroinstallationen und Elektroservice
O-WRN-EL-B01;Ostharz;Wernigerode;EL;Elektro;Elektrotechnik-Ponndorf;Einzelunternehmen;Wernigeröder Str. 12;38855;Wernigerode OT Minsleben;03943 248231;;;;;Karsten Ponndorf;Inhaber;https://www.dasoertliche.de;https://www.werkenntdenbesten.de;20.08.2026;≤20 bestätigt;kein_duplikat;Elektrotechnik, Kundendienst, Installationen in Minsleben
O-WRN-DZ-B01;Ostharz;Wernigerode;DZ;Dachdecker/Zimmerei;RAUE-Bedachungen GmbH;GmbH;An der Holtemme 17;38855;Wernigerode;03943 21528;info@dachdecker-raue.de;https://www.dachdecker-raue.de;https://www.dachdecker-raue.de;https://www.dachdecker-raue.de/impressum;Mario Raue;Geschäftsführer;https://www.dachdecker-raue.de/impressum;https://www.werkenntdenbesten.de;20.08.2026;≤20 bestätigt;kein_duplikat;Flachdach, Steildach, Abdichtungen, Fassadenarbeiten, Spengler
O-WRN-DZ-B01;Ostharz;Wernigerode;DZ;Dachdecker/Zimmerei;Thomas Könnecke Dachdeckerei & Bauklempnerei;Einzelunternehmen;Mühlental 55;38855;Wernigerode;03943 248472;info@bauklempnerei-harz.de;https://www.bauklempnerei-harz.de;https://www.bauklempnerei-harz.de;https://www.bauklempnerei-harz.de;Thomas Könnecke;Inhaber;https://www.bauklempnerei-harz.de;https://www.dachdecker.com;20.08.2026;≤20 bestätigt;kein_duplikat;Dachsanierung, Steildach, Flachdach, Bauklempnerei
O-WRN-DZ-B01;Ostharz;Wernigerode;DZ;Dachdecker/Zimmerei;Dachdecker Spengler Nico Hübner;Einzelunternehmen;Friedenstraße 6;38855;Wernigerode OT Benzingerode;03943 632970;;;;;Nico Hübner;Inhaber;https://www.dasoertliche.de;https://www.werkenntdenbesten.de;20.08.2026;≤20 bestätigt;kein_duplikat;Dachdeckerei, Fassadensanierung, Spenglerei in Benzingerode
O-WRN-DZ-B01;Ostharz;Wernigerode;DZ;Dachdecker/Zimmerei;Rolf-Günter Kaufmann Dachdeckerfachbetrieb;Einzelunternehmen;Benzingeröder Chaussee 78;38855;Wernigerode;03943 632826;;;;;Rolf-Günter Kaufmann;Inhaber;https://www.dasoertliche.de;https://www.gelbeseiten.de;20.08.2026;≤20 bestätigt;kein_duplikat;Dachdeckerarbeiten, Dacheindeckung, Reparaturen
O-WRN-DZ-B01;Ostharz;Wernigerode;DZ;Dachdecker/Zimmerei;Gebrüder Meyer GbR Dachdeckermeister;GbR;Kantstraße 112 E;38855;Wernigerode;03943 632288;;https://www.gebrueder-meyer-gbr.de;https://www.gebrueder-meyer-gbr.de;https://www.gebrueder-meyer-gbr.de;Walter Meyer;Gesellschafter / Meister;https://www.gebrueder-meyer-gbr.de;https://www.dasoertliche.de;20.08.2026;≤20 bestätigt;kein_duplikat;Traditioneller Dachdeckerbetrieb, Steildach, Schiefer
O-WRN-DZ-B01;Ostharz;Wernigerode;DZ;Dachdecker/Zimmerei;Kurt Schwarze Dachdeckerbetrieb;Einzelunternehmen;Seigerhüttenweg 10;38855;Wernigerode;03943 632194;;;;;Kurt Schwarze;Inhaber;https://www.werkenntdenbesten.de;https://www.dastelefonbuch.de;20.08.2026;≤20 bestätigt;kein_duplikat;Dacheindeckung, Dachreparaturen, Dachwartung
O-WRN-DZ-B01;Ostharz;Wernigerode;DZ;Dachdecker/Zimmerei;Maik Seil Dachdeckermeister;Einzelunternehmen;Holzweg 6;38855;Wernigerode OT Silstedt;03943 248670;;;;;Maik Seil;Inhaber;https://www.dasoertliche.de;https://www.werkenntdenbesten.de;20.08.2026;≤20 bestätigt;kein_duplikat;Dachdeckermeisterbetrieb in Silstedt
O-WRN-DZ-B01;Ostharz;Wernigerode;DZ;Dachdecker/Zimmerei;Thomas Pönitz Dachdeckerei;Einzelunternehmen;Kohlgartenstraße 63A;38855;Wernigerode;03943 605330;;;;;Thomas Pönitz;Inhaber;https://www.werkenntdenbesten.de;https://www.dasoertliche.de;20.08.2026;≤20 bestätigt;kein_duplikat;Dachdecker- und Klempnerarbeiten
O-WRN-DZ-B01;Ostharz;Wernigerode;DZ;Dachdecker/Zimmerei;Kiese & Becker GmbH Zimmerei und Bautischlerei;GmbH;Büchtingenstraße 22;38855;Wernigerode;03943 261838;info@kiese-becker-zimmerei.de;https://www.kiese-becker-zimmerei.de;https://www.kiese-becker-zimmerei.de;https://www.kiese-becker-zimmerei.de/impressum;Jens Becker;Geschäftsführer;https://www.kiese-becker-zimmerei.de/impressum;https://www.gelbeseiten.de;20.08.2026;≤20 bestätigt;kein_duplikat;Holzbau, Fachwerksanierung, Dachstühle, Carports, Bautischlerei
O-WRN-DZ-B01;Ostharz;Wernigerode;DZ;Dachdecker/Zimmerei;Die Zimmerer Ralph Moock;Einzelunternehmen;Feldstraße 29;38855;Wernigerode;03943 607140;;;;;Ralph Moock;Inhaber;https://www.gelbeseiten.de;https://www.dasoertliche.de;20.08.2026;≤20 bestätigt;kein_duplikat;Zimmerei, Holzbau, Dachkonstruktionen, Sanierung
O-WRN-DZ-B01;Ostharz;Wernigerode;DZ;Dachdecker/Zimmerei;Jörg Hoffmeister Zimmerei;Einzelunternehmen;Friedrichstraße 66;38855;Wernigerode;03943 632860;;;;;Jörg Hoffmeister;Inhaber;https://www.gelbeseiten.de;https://www.dastelefonbuch.de;20.08.2026;≤20 bestätigt;kein_duplikat;Zimmererarbeiten, Dachausbau, Holzkonstruktionen
O-WRN-DZ-B01;Ostharz;Wernigerode;DZ;Dachdecker/Zimmerei;Eckhard Wermuth Dachdeckerei;Einzelunternehmen;Wasserstraße 3;38855;Wernigerode;03943 633112;;;;;Eckhard Wermuth;Inhaber;https://www.heinze.de;https://www.dasoertliche.de;20.08.2026;≤20 bestätigt;kein_duplikat;Dachdeckerei, Holzbau, Zimmereileistungen
O-WRN-BS-B01;Ostharz;Wernigerode;BS;Bau/Sanierung;Meyer Bau Wernigerode GmbH;GmbH;Stilles Wasser 2 E;38855;Wernigerode;03943 905291;;http://www.meyer-bau-wernigerode.de;http://www.meyer-bau-wernigerode.de;http://www.meyer-bau-wernigerode.de;Uwe Meyer;Geschäftsführer;http://www.meyer-bau-wernigerode.de;https://www.dasoertliche.de;20.08.2026;≤20 bestätigt;kein_duplikat;Hochbau, Tiefbau, Pflasterarbeiten, Rohbau
O-WRN-BS-B01;Ostharz;Wernigerode;BS;Bau/Sanierung;CKS-Bau GmbH;GmbH;Martin-Heinrich-Klaproth-Straße 22;38855;Wernigerode;03943 55920;info@cks-bau.de;http://www.cks-bau.de;http://www.cks-bau.de;http://www.cks-bau.de;Carsten Könnecke;Geschäftsführer;http://www.cks-bau.de;https://www.creditreform.de;20.08.2026;≤20 bestätigt;kein_duplikat;Straßen- und Tiefbau, Erdarbeiten, Pflasterung
O-WRN-BS-B01;Ostharz;Wernigerode;BS;Bau/Sanierung;Hoch- und Tiefbau GmbH Tschepella;GmbH;Gutshof 2;38855;Wernigerode OT Minsleben;03943 43100;;;;;Kersten Tschepella;Geschäftsführer;https://www.cylex.de;https://www.bauunternehmen.org;20.08.2026;≤20 bestätigt;kein_duplikat;Hochbau, Tiefbau, Maurer- und Betonarbeiten
O-WRN-BS-B01;Ostharz;Wernigerode;BS;Bau/Sanierung;Baugeschäft Kai-Ulrich Tautz GmbH;GmbH;Mühlental 17;38855;Wernigerode;03943 601240;;;;;Kai-Ulrich Tautz;Geschäftsführer;https://www.werkenntdenbesten.de;https://www.dasoertliche.de;20.08.2026;≤20 bestätigt;kein_duplikat;Baugeschäft, Hoch- und Tiefbau, Maurerarbeiten
O-WRN-BS-B01;Ostharz;Wernigerode;BS;Bau/Sanierung;WMB Hoch- und Tiefbau GmbH;GmbH;Im Großen Horn 5;38855;Wernigerode;03943 605880;;;;;;;https://www.dastelefonbuch.de;https://www.bauunternehmen.org;20.08.2026;≤20 bestätigt;kein_duplikat;Hoch- und Tiefbauunternehmen
O-WRN-BS-B01;Ostharz;Wernigerode;BS;Bau/Sanierung;ISI-Bau GmbH;GmbH;Zaunwiese 3;38855;Wernigerode;03943 55390;;;;;Ingo Möller;Geschäftsführer;https://www.gelbeseiten.de;https://www.dastelefonbuch.de;20.08.2026;≤20 bestätigt;kein_duplikat;Bauausführung, Bausanierung, Ingenieurbau
O-WRN-BS-B01;Ostharz;Wernigerode;BS;Bau/Sanierung;F & M Ausbau Friedrichson & Müller GbR;GbR;Benzingeröder Chaussee 35;38855;Wernigerode;03943 261790;info@fm-ausbau.de;http://www.fm-ausbau.de;http://www.fm-ausbau.de;http://www.fm-ausbau.de;Torsten Müller;Gesellschafter;http://www.fm-ausbau.de;https://www.dasoertliche.de;20.08.2026;≤20 bestätigt;kein_duplikat;Bausanierung, Trockenbau, Wärmedämmung, Ausbau
O-WRN-BS-B01;Ostharz;Wernigerode;BS;Bau/Sanierung;Beier Schachtsanierung;Einzelunternehmen;Dornbergsweg 19;38855;Wernigerode;03943 905440;;https://www.beier-schachtsanierung.de;https://www.beier-schachtsanierung.de;https://www.beier-schachtsanierung.de;Jens Beier;Inhaber;https://www.beier-schachtsanierung.de;https://www.creditreform.de;20.08.2026;≤20 bestätigt;kein_duplikat;Schachtsanierung, Fugensanierung, Hausanschlüsse, Tiefbau
O-WRN-BS-B01;Ostharz;Wernigerode;BS;Bau/Sanierung;Thorsten Klocke Maurermeister;Einzelunternehmen;Schwaneckestraße 11;38855;Wernigerode;03943 632940;;;;;Thorsten Klocke;Inhaber;https://www.werkenntdenbesten.de;https://www.dasoertliche.de;20.08.2026;≤20 bestätigt;kein_duplikat;Maurerarbeiten, Altbausanierung, Putzarbeiten
O-WRN-BS-B01;Ostharz;Wernigerode;BS;Bau/Sanierung;DLC Wernigerode GmbH;GmbH;Breite Str. 84;38855;Wernigerode;03943 607210;;;;;Dieter Leiß;Geschäftsführer;https://www.werkenntdenbesten.de;https://www.dasoertliche.de;20.08.2026;≤20 bestätigt;kein_duplikat;Dienstleistung und Bauausführung, Sanierungsarbeiten
O-ILS-FM-B01;Ostharz;Ilsenburg (Harz);FM;Hausmeister-/Facility-Service;Bau- und Hausmeisterservice H. Rißmann;Einzelunternehmen;Teichstr. 5c;38871;Ilsenburg (Harz);039452 86221;;;;;Jeannette Rißmann;Inhaberin;https://www.gelbeseiten.de;https://www.dasoertliche.de;20.08.2026;≤20 bestätigt;kein_duplikat;Baureparaturen, Haus- und Gartenservice, Entrümpelung
O-ILS-FM-B01;Ostharz;Ilsenburg (Harz);FM;Hausmeister-/Facility-Service;werder Haustechnik GmbH (Hausservice);GmbH;Apfelweg 8;38871;Ilsenburg (Harz);039452 4890;;;;;Uwe Werder;Geschäftsführer;https://www.gelbeseiten.de;https://www.dastelefonbuch.de;20.08.2026;≤20 bestätigt;kein_duplikat;Hausservice, Objektwartung, Gebäudebetreuung
O-ILS-GL-B01;Ostharz;Ilsenburg (Harz);GL;Garten- und Landschaftsbau;Sebastian Becker Garten- und Landschaftsbau;Einzelunternehmen;Am Thie 5;38871;Ilsenburg OT Drübeck;039452 48880;;;;;Sebastian Becker;Inhaber;https://www.dasoertliche.de;https://www.gelbeseiten.de;20.08.2026;≤20 bestätigt;kein_duplikat;Garten- und Landschaftsbau in Drübeck / Ilsenburg
O-ILS-SHK-B01;Ostharz;Ilsenburg (Harz);SHK;Sanitär, Heizung, Klima;Haustechnische Montage GmbH;GmbH;An der Thingstätte 1;38871;Ilsenburg OT Darlingerode;03943 60100;;;;;Uwe Lindner;Geschäftsführer;https://www.gelbeseiten.de;https://www.dasoertliche.de;20.08.2026;≤20 bestätigt;kein_duplikat;Sanitär, Heizung, Lüftungsmontage
O-ILS-SHK-B01;Ostharz;Ilsenburg (Harz);SHK;Sanitär, Heizung, Klima;Frank Helmholz Haustechnik;Einzelunternehmen;Marienhöfer Str. 18;38871;Ilsenburg (Harz);039452 86330;;;;;Frank Helmholz;Inhaber;https://www.gelbeseiten.de;https://www.dastelefonbuch.de;20.08.2026;≤20 bestätigt;kein_duplikat;Heizungs- und Sanitärinstallation
O-ILS-SHK-B01;Ostharz;Ilsenburg (Harz);SHK;Sanitär, Heizung, Klima;werder Haustechnik GmbH;GmbH;Apfelweg 8;38871;Ilsenburg (Harz);039452 4890;;;;;Uwe Werder;Geschäftsführer;https://www.gelbeseiten.de;https://www.dastelefonbuch.de;20.08.2026;≤20 bestätigt;kein_duplikat;Heizungs- und Klimatechnik, Haustechnik
O-ILS-EL-B01;Ostharz;Ilsenburg (Harz);EL;Elektro;Andreas Harth Elektrobetrieb;Einzelunternehmen;Am Thie 14;38871;Ilsenburg OT Drübeck;039452 80550;;;;;Andreas Harth;Inhaber;https://www.gelbeseiten.de;https://www.dasoertliche.de;20.08.2026;≤20 bestätigt;kein_duplikat;Elektroinstallationen, Haustechnik, Reparaturen
O-ILS-DZ-B01;Ostharz;Ilsenburg (Harz);DZ;Dachdecker/Zimmerei;Dachfa GmbH Dachdeckerei;GmbH;Am Thie 11;38871;Ilsenburg OT Drübeck;039452 48200;;;;;Jens Scharf;Geschäftsführer;https://www.dasoertliche.de;https://www.gelbeseiten.de;20.08.2026;≤20 bestätigt;kein_duplikat;Dachdeckerei, Dacheindeckung, Fassadenbau
O-ILS-DZ-B01;Ostharz;Ilsenburg (Harz);DZ;Dachdecker/Zimmerei;Holzbau Porwoll GmbH & Co. KG;GmbH & Co. KG;Am Birkholz 2 c;38871;Ilsenburg OT Darlingerode;03943 607060;;;;;Stefan Porwoll;Geschäftsführer;https://www.dasoertliche.de;https://www.dastelefonbuch.de;20.08.2026;≤20 bestätigt;kein_duplikat;Holzbau, Zimmerei, Dachstühle, Carports
O-ILS-DZ-B01;Ostharz;Ilsenburg (Harz);DZ;Dachdecker/Zimmerei;Uwe Sommer Zimmerei & Tischlerei;Einzelunternehmen;Zur Lehns 19;38871;Ilsenburg OT Darlingerode;03943 605580;;;;;Uwe Sommer;Inhaber;https://www.dasoertliche.de;https://www.gelbeseiten.de;20.08.2026;≤20 bestätigt;kein_duplikat;Zimmereiarbeiten, Holzverarbeitung, Bautischlerei
O-ILS-BS-B01;Ostharz;Ilsenburg (Harz);BS;Bau/Sanierung;DT Building & Construction DOO;GmbH / DOO;Schulweg 10;38871;Ilsenburg OT Drübeck;039452 48930;;;;;Dragan Todorovic;Geschäftsführer;https://www.dasoertliche.de;https://www.firmenwissen.de;20.08.2026;≤20 bestätigt;kein_duplikat;Bauunternehmen, Rohbau, Sanierungsarbeiten
O-ILS-BS-B01;Ostharz;Ilsenburg (Harz);BS;Bau/Sanierung;Liebisch Diamanttrenntechnik;Einzelunternehmen;Lauingenring 6;38871;Ilsenburg OT Darlingerode;03943 607620;;;;;Frank Liebisch;Inhaber;https://www.dasoertliche.de;https://www.gelbeseiten.de;20.08.2026;≤20 bestätigt;kein_duplikat;Betonbohren, Betonsägen, Bauwerkstrennung, Sanierung
O-ILS-BS-B01;Ostharz;Ilsenburg (Harz);BS;Bau/Sanierung;DTH Reinhard Strohmeyer Abdichtungstechnik;Einzelunternehmen;Am Thie 12;38871;Ilsenburg OT Drübeck;039452 48110;;;;;Reinhard Strohmeyer;Inhaber;https://www.dasoertliche.de;https://www.gelbeseiten.de;20.08.2026;≤20 bestätigt;kein_duplikat;Bauwerksabdichtung, Bautenschutz, Feuchtesanierung
O-ILS-BS-B01;Ostharz;Ilsenburg (Harz);BS;Bau/Sanierung;Thomas Kolde Fliesen- und Bauarbeiten;Einzelunternehmen;Straße der Republik 33;38871;Ilsenburg OT Darlingerode;03943 604490;;;;;Thomas Kolde;Inhaber;https://www.dasoertliche.de;https://www.gelbeseiten.de;20.08.2026;≤20 bestätigt;kein_duplikat;Fliesenleger, Sanierung, Badausbau
O-ILS-BS-B01;Ostharz;Ilsenburg (Harz);BS;Bau/Sanierung;Silvio Reich Bausanierung;Einzelunternehmen;Mahrholzberg 26;38871;Ilsenburg (Harz);039452 80920;;;;;Silvio Reich;Inhaber;https://www.dasoertliche.de;https://www.dastelefonbuch.de;20.08.2026;≤20 bestätigt;kein_duplikat;Bausanierung, Fliesenarbeiten, Trockenbau
O-BLK-GR-B01;Ostharz;Blankenburg (Harz);GR;Gebäudereinigung;Kußmann H.-J. Glas- und Gebäudereinigung;Einzelunternehmen;Winde 6;38889;Blankenburg (Harz);03944 65111;;;;;Hans-Jürgen Kußmann;Inhaber;https://www.dasoertliche.de;https://www.gelbeseiten.de;20.08.2026;≤20 bestätigt;kein_duplikat;Glasreinigung, Gebäudereinigung, Unterhaltsreinigung
O-BLK-FM-B01;Ostharz;Blankenburg (Harz);FM;Hausmeister-/Facility-Service;Hausmeisterservice Busack;Einzelunternehmen;Friedensstraße 17 A;38889;Blankenburg (Harz);03944 365610;;;;;Jens Busack;Inhaber;https://www.dasoertliche.de;https://www.gelbeseiten.de;20.08.2026;≤20 bestätigt;kein_duplikat;Hausmeisterdienst, Objektbetreuung, Kleinreparaturen
O-BLK-FM-B01;Ostharz;Blankenburg (Harz);FM;Hausmeister-/Facility-Service;Dein Garten und ich;Einzelunternehmen;Winde 4;38889;Blankenburg (Harz);03944 367280;;;;;Maik Schulz;Inhaber;https://www.dasoertliche.de;https://www.werkenntdenbesten.de;20.08.2026;≤20 bestätigt;kein_duplikat;Hausmeister- und Gartenservice, Grundstückspflege
O-BLK-FM-B01;Ostharz;Blankenburg (Harz);FM;Hausmeister-/Facility-Service;Peter Klaus-Jürgen Dienstleistungen;Einzelunternehmen;Helenenstraße 3;38889;Blankenburg (Harz);03944 63970;;;;;Klaus-Jürgen Peter;Inhaber;https://www.dasoertliche.de;https://www.gelbeseiten.de;20.08.2026;≤20 bestätigt;kein_duplikat;Hausmeisterservice und Dienstleistungen rund ums Haus
O-BLK-FM-B01;Ostharz;Blankenburg (Harz);FM;Hausmeister-/Facility-Service;Alma Service rund ums Haus;Einzelunternehmen;Halberstädter Str. 12;38889;Blankenburg OT Derenburg;039453 88150;;;;;Alma Service;Inhaber;https://www.dasoertliche.de;https://www.gelbeseiten.de;20.08.2026;≤20 bestätigt;kein_duplikat;Objektpflege, Hausmeisterservice, Reparaturen
O-BLK-GL-B01;Ostharz;Blankenburg (Harz);GL;Garten- und Landschaftsbau;Thomas Fesca Gartengestaltung;Einzelunternehmen;Helsungen 8;38889;Blankenburg (Harz);03944 65330;;;;;Thomas Fesca;Inhaber;https://www.dasoertliche.de;https://www.gartenbau.org;20.08.2026;≤20 bestätigt;kein_duplikat;Gartengestaltung, GaLaBau, Bepflanzung
O-BLK-GL-B01;Ostharz;Blankenburg (Harz);GL;Garten- und Landschaftsbau;Curt Hellmuth u. Partner e.K.;e.K.;Geysostr. 3;38889;Blankenburg (Harz);03944 980120;;;;;Curt Hellmuth;Inhaber;https://www.dasoertliche.de;https://www.gelbeseiten.de;20.08.2026;≤20 bestätigt;kein_duplikat;Landschaftsgestaltung, Freiraumplanung, Gartenbau
O-BLK-GL-B01;Ostharz;Blankenburg (Harz);GL;Garten- und Landschaftsbau;Bernd Haase Garten- und Landschaftsbau;Einzelunternehmen;Pfeifenkrug 94 c;38889;Blankenburg OT Heimburg;03944 369810;;;;;Bernd Haase;Inhaber;https://www.dasoertliche.de;https://www.gelbeseiten.de;20.08.2026;≤20 bestätigt;kein_duplikat;GaLaBau, Pflasterarbeiten, Grünanlagenpflege
O-BLK-GL-B01;Ostharz;Blankenburg (Harz);GL;Garten- und Landschaftsbau;Gessing Bau GmbH;GmbH;Lerchenbreite 4;38889;Blankenburg (Harz);03943 21966;;;;;Frank Gessing;Geschäftsführer;https://www.gelbeseiten.de;https://www.dasoertliche.de;20.08.2026;≤20 bestätigt;kein_duplikat;Landschaftsbau, Erdbau, Pflasterungen
O-BLK-GL-B01;Ostharz;Blankenburg (Harz);GL;Garten- und Landschaftsbau;Gartenbau Staszat GbR;GbR;Herzogstr. 12;38889;Blankenburg (Harz);03944 35140;;;;;Familie Staszat;Gesellschafter;https://www.dasoertliche.de;https://www.gelbeseiten.de;20.08.2026;≤20 bestätigt;kein_duplikat;Gartenbaubetrieb, Bepflanzungen, Gartenpflege
O-BLK-SHK-B01;Ostharz;Blankenburg (Harz);SHK;Sanitär, Heizung, Klima;Angerstein Heiztechnik-Sanitär-Elektromontage;Einzelunternehmen;Schleinitzstr. 7;38889;Blankenburg (Harz);03944 353220;;;;;Frank Angerstein;Inhaber;https://www.dasoertliche.de;https://www.gelbeseiten.de;20.08.2026;≤20 bestätigt;kein_duplikat;Heiztechnik, Sanitärinstallation, Elektromontagen
O-BLK-SHK-B01;Ostharz;Blankenburg (Harz);SHK;Sanitär, Heizung, Klima;Heinz Schildhauer GmbH;GmbH;Lerchenbreite 22;38889;Blankenburg (Harz);03944 90220;;;;;Heinz Schildhauer;Geschäftsführer;https://www.dasoertliche.de;https://www.gelbeseiten.de;20.08.2026;≤20 bestätigt;kein_duplikat;Sanitär- und Heizungsbau, Haustechnik
O-BLK-SHK-B01;Ostharz;Blankenburg (Harz);SHK;Sanitär, Heizung, Klima;Wille GmbH Sanitär u. Heizungsbau;GmbH;Oesigweg 2;38889;Blankenburg OT Oesig;03944 364700;;;;;Andreas Wille;Geschäftsführer;https://www.dasoertliche.de;https://www.gelbeseiten.de;20.08.2026;≤20 bestätigt;kein_duplikat;Sanitärinstallationen, Heizungsbau, Badsanierung
O-BLK-SHK-B01;Ostharz;Blankenburg (Harz);SHK;Sanitär, Heizung, Klima;Uwe Rothe Heizung- und Sanitärinstallation;Einzelunternehmen;Georgstr. 22;38889;Blankenburg (Harz);03944 65120;;;;;Uwe Rothe;Inhaber;https://www.dasoertliche.de;https://www.gelbeseiten.de;20.08.2026;≤20 bestätigt;kein_duplikat;Heizung- und Sanitärinstallation, Kundendienst
O-BLK-SHK-B01;Ostharz;Blankenburg (Harz);SHK;Sanitär, Heizung, Klima;Horst Perling Installationsbetrieb;Einzelunternehmen;Neue Halberstädter Str. 9;38889;Blankenburg (Harz);03944 63110;;;;;Horst Perling;Inhaber;https://www.dasoertliche.de;https://www.dastelefonbuch.de;20.08.2026;≤20 bestätigt;kein_duplikat;Heizungs- und Sanitäranlagen
O-BLK-SHK-B01;Ostharz;Blankenburg (Harz);SHK;Sanitär, Heizung, Klima;Christian Borsdorff Haustechnik;Einzelunternehmen;Herwegstr. 9;38889;Blankenburg (Harz);03944 368150;;;;;Christian Borsdorff;Inhaber;https://www.dasoertliche.de;https://www.gelbeseiten.de;20.08.2026;≤20 bestätigt;kein_duplikat;Haustechnik, Sanitär und Heizung
O-BLK-SHK-B01;Ostharz;Blankenburg (Harz);SHK;Sanitär, Heizung, Klima;Lehmann Heizung Sanitär;Einzelunternehmen;Bohlweg 2 b;38889;Blankenburg OT Cattenstedt;03944 35330;;;;;Udo Lehmann;Inhaber;https://www.dasoertliche.de;https://www.gelbeseiten.de;20.08.2026;≤20 bestätigt;kein_duplikat;Heizungsbau und Sanitär in Cattenstedt
O-BLK-EL-B01;Ostharz;Blankenburg (Harz);EL;Elektro;Elektro-Anlagenbau Gruner;Einzelunternehmen;Wiesenstr. 11;38889;Blankenburg (Harz);03944 35220;;;;;Torsten Gruner;Inhaber;https://www.dasoertliche.de;https://www.gelbeseiten.de;20.08.2026;≤20 bestätigt;kein_duplikat;Elektro-Anlagenbau, Hausinstallation, Meisterbetrieb
O-BLK-EL-B01;Ostharz;Blankenburg (Harz);EL;Elektro;Dieter Jeschok Elektrofirma;Einzelunternehmen;Herzogstr. 4 A;38889;Blankenburg (Harz);03944 35150;;;;;Dieter Jeschok;Inhaber;https://www.dasoertliche.de;https://www.gelbeseiten.de;20.08.2026;≤20 bestätigt;kein_duplikat;Elektroinstallationen, Reparaturen, Kundendienst
O-BLK-EL-B01;Ostharz;Blankenburg (Harz);EL;Elektro;Michael Lutz Elektroinstallation;Einzelunternehmen;Timmenröder Str. 4 C;38889;Blankenburg OT Börnecke;03944 65980;;;;;Michael Lutz;Inhaber;https://www.dasoertliche.de;https://www.dastelefonbuch.de;20.08.2026;≤20 bestätigt;kein_duplikat;Elektroinstallationen im Wohnungsbau
O-BLK-EL-B01;Ostharz;Blankenburg (Harz);EL;Elektro;Thomas Wegener Elektro;Einzelunternehmen;Neue Halberstädter Str. 31;38889;Blankenburg (Harz);03944 36110;;;;;Thomas Wegener;Inhaber;https://www.dasoertliche.de;https://www.gelbeseiten.de;20.08.2026;≤20 bestätigt;kein_duplikat;Elektrohandwerk, Schaltanlagen, Haustechnik
O-BLK-EL-B01;Ostharz;Blankenburg (Harz);EL;Elektro;Elektromeisterbetrieb Falk Panterodt;Einzelunternehmen;Michaelsteiner Str. 38;38889;Blankenburg (Harz);03944 369110;;;;;Falk Panterodt;Inhaber;https://www.dasoertliche.de;https://www.gelbeseiten.de;20.08.2026;≤20 bestätigt;kein_duplikat;Elektroinstallationen, Beleuchtung, Smart Home
O-BLK-DZ-B01;Ostharz;Blankenburg (Harz);DZ;Dachdecker/Zimmerei;Nils Haug Dachdeckerei;Einzelunternehmen;Mühlenstr. 32;38889;Blankenburg (Harz);03944 362240;;;;;Nils Haug;Inhaber;https://www.dasoertliche.de;https://www.gelbeseiten.de;20.08.2026;≤20 bestätigt;kein_duplikat;Dacheindeckung, Steildach, Flachdach, Dachreparaturen
O-BLK-DZ-B01;Ostharz;Blankenburg (Harz);DZ;Dachdecker/Zimmerei;Zimmerei & Holzbau Uwe Kroll;Einzelunternehmen;Hauptstraße 18;38889;Blankenburg OT Heimburg;03944 36840;;;;;Uwe Kroll;Inhaber;https://www.dasoertliche.de;https://www.gelbeseiten.de;20.08.2026;≤20 bestätigt;kein_duplikat;Zimmereiarbeiten, Holzbau, Fachwerksanierung
O-BLK-DZ-B01;Ostharz;Blankenburg (Harz);DZ;Dachdecker/Zimmerei;Dachdeckermeister Heiko Schomburg;Einzelunternehmen;Westerhäuser Str. 14;38889;Blankenburg OT Timmenrode;03944 36950;;;;;Heiko Schomburg;Inhaber;https://www.dasoertliche.de;https://www.gelbeseiten.de;20.08.2026;≤20 bestätigt;kein_duplikat;Dachdeckermeisterbetrieb in Timmenrode
O-BLK-BS-B01;Ostharz;Blankenburg (Harz);BS;Bau/Sanierung;Detlef Oldach Bauunternehmen;Einzelunternehmen;Lindestr. 1;38889;Blankenburg (Harz);03944 35180;;;;;Detlef Oldach;Inhaber;https://www.dasoertliche.de;https://www.gelbeseiten.de;20.08.2026;≤20 bestätigt;kein_duplikat;Hochbau, Maurerarbeiten, Rohbau, Sanierung
O-BLK-BS-B01;Ostharz;Blankenburg (Harz);BS;Bau/Sanierung;Hans Scheffer Rohrleitungsbau GmbH;GmbH;Neue Halberstädter Str. 8-10;38889;Blankenburg (Harz);03944 90100;;;;;Hans Scheffer;Geschäftsführer;https://www.dasoertliche.de;https://www.creditreform.de;20.08.2026;≤20 bestätigt;kein_duplikat;Rohrleitungsbau, Tiefbau, Kanalbau
O-BLK-BS-B01;Ostharz;Blankenburg (Harz);BS;Bau/Sanierung;Stratie Bau GmbH;GmbH;Neue Halberstädter Str. 22;38889;Blankenburg (Harz);03944 90400;;;;;Ralf Stratie;Geschäftsführer;https://www.dasoertliche.de;https://www.firmenwissen.de;20.08.2026;≤20 bestätigt;kein_duplikat;Bauunternehmen, Straßen- und Tiefbau
O-BLK-BS-B01;Ostharz;Blankenburg (Harz);BS;Bau/Sanierung;Bauunternehmen Reiner Meyer;Einzelunternehmen;Nordstraße 6;38889;Blankenburg OT Cattenstedt;03944 35290;;;;;Reiner Meyer;Inhaber;https://www.dasoertliche.de;https://www.gelbeseiten.de;20.08.2026;≤20 bestätigt;kein_duplikat;Hoch- und Tiefbau, Maurer- und Betonarbeiten in Cattenstedt
O-ELB-FM-B01;Ostharz;Elbingerode-Umfeld;FM;Hausmeister-/Facility-Service;Hausmeister- & Objektservice Oberharz;Einzelunternehmen;Susenburger Weg 12;38875;Oberharz am Brocken OT Elbingerode;039454 41100;;;;;Marko Schmidt;Inhaber;https://www.dasoertliche.de;https://www.gelbeseiten.de;20.08.2026;≤20 bestätigt;kein_duplikat;Objektservice, Hausmeistertätigkeiten, Grundstückspflege
O-ELB-FM-B01;Ostharz;Elbingerode-Umfeld;FM;Hausmeister-/Facility-Service;Hausmeisterservice Tanne;Einzelunternehmen;Hauptstraße 22;38875;Oberharz am Brocken OT Tanne;039457 40120;;;;;Bernd Meyer;Inhaber;https://www.dasoertliche.de;https://www.dastelefonbuch.de;20.08.2026;≤20 bestätigt;kein_duplikat;Hausmeisterdienst und Winterdienst im Oberharz
O-ELB-GL-B01;Ostharz;Elbingerode-Umfeld;GL;Garten- und Landschaftsbau;Baumpflege Falk Garten- und Landschaftsbau;Einzelunternehmen;Pfarrstraße 4;38875;Oberharz am Brocken OT Elbingerode;0170 9028610;;;;;Steffen Falk;Inhaber;https://www.gelbeseiten.de;https://www.gartenbau.org;20.08.2026;≤20 bestätigt;kein_duplikat;Baumpflege, GaLaBau, Fällungen, Landschaftspflege
O-ELB-GL-B01;Ostharz;Elbingerode-Umfeld;GL;Garten- und Landschaftsbau;Heiko Ehrt Garten- u. Landschaftsgestaltung;Einzelunternehmen;Wasserstr. 14;38875;Oberharz am Brocken OT Elbingerode;039454 41052;;;;;Heiko Ehrt;Inhaber;https://www.gelbeseiten.de;https://www.dasoertliche.de;20.08.2026;≤20 bestätigt;kein_duplikat;Garten- und Landschaftsgestaltung, Baumpflege
O-ELB-SHK-B01;Ostharz;Elbingerode-Umfeld;SHK;Sanitär, Heizung, Klima;Ivonne Deicke Sanitärinstallation & Heizungsbau;Einzelunternehmen;Wasserstr. 29;38875;Oberharz am Brocken OT Elbingerode;039454 42310;;;;;Ivonne Deicke;Inhaberin;https://www.dasoertliche.de;https://www.gelbeseiten.de;20.08.2026;≤20 bestätigt;kein_duplikat;Sanitärinstallation, Heizungsbau, Haustechnik
O-ELB-SHK-B01;Ostharz;Elbingerode-Umfeld;SHK;Sanitär, Heizung, Klima;schwertner/u & t Haustechnik mbH;GmbH;Pfarrstr. 16 A;38875;Oberharz am Brocken OT Elbingerode;039454 8010;;;;;Uwe Schwertner;Geschäftsführer;https://www.dasoertliche.de;https://www.gelbeseiten.de;20.08.2026;≤20 bestätigt;kein_duplikat;Heizungs- und Lüftungsbau, Sanitärtechnik
O-ELB-SHK-B01;Ostharz;Elbingerode-Umfeld;SHK;Sanitär, Heizung, Klima;LAJTMAN Haustechnik GmbH;GmbH;Rohrbachstr. 2;38875;Oberharz am Brocken OT Elbingerode;039454 41200;;;;;Goran Lajtman;Geschäftsführer;https://www.dasoertliche.de;https://www.firmenwissen.de;20.08.2026;≤20 bestätigt;kein_duplikat;Haustechnik, Heizungs- und Sanitärinstallationen
O-ELB-SHK-B01;Ostharz;Elbingerode-Umfeld;SHK;Sanitär, Heizung, Klima;Frank Köhler Heizungsbau & Sanitär;Einzelunternehmen;Schützenstraße 8;38875;Oberharz am Brocken OT Benneckenstein;039457 2340;;;;;Frank Köhler;Inhaber;https://www.dasoertliche.de;https://www.gelbeseiten.de;20.08.2026;≤20 bestätigt;kein_duplikat;Heizungsbau und Sanitärbetrieb in Benneckenstein
O-ELB-SHK-B01;Ostharz;Elbingerode-Umfeld;SHK;Sanitär, Heizung, Klima;Haustechnik Hasselfelde;Einzelunternehmen;Breite Straße 15;38899;Oberharz am Brocken OT Hasselfelde;039459 71200;;;;;Stefan Brandt;Inhaber;https://www.dasoertliche.de;https://www.dastelefonbuch.de;20.08.2026;≤20 bestätigt;kein_duplikat;Sanitär- und Heizungstechnik in Hasselfelde
O-ELB-EL-B01;Ostharz;Elbingerode-Umfeld;EL;Elektro;Elektro-Böhme;Einzelunternehmen;Susenburger Weg 8;38875;Oberharz am Brocken OT Elbingerode;039454 42450;;;;;Gerd Böhme;Inhaber;https://www.dasoertliche.de;https://www.gelbeseiten.de;20.08.2026;≤20 bestätigt;kein_duplikat;Elektroinstallationen, Haustechnik, Geräteprüfung
O-ELB-EL-B01;Ostharz;Elbingerode-Umfeld;EL;Elektro;Torsten Deicke Elektromeister;Einzelunternehmen;Altenauer Str. 12;38875;Oberharz am Brocken OT Elbingerode;039454 42320;;;;;Torsten Deicke;Inhaber;https://www.dasoertliche.de;https://www.dastelefonbuch.de;20.08.2026;≤20 bestätigt;kein_duplikat;Elektromeisterbetrieb, Haus- und Gewerbeinstallation
O-ELB-EL-B01;Ostharz;Elbingerode-Umfeld;EL;Elektro;Gri b. R. Regelungstechnik;Einzelunternehmen;Trommelplatz 3;38875;Oberharz am Brocken OT Elbingerode;039454 4890;;;;;Bernd Gri;Inhaber;https://www.dasoertliche.de;https://www.gelbeseiten.de;20.08.2026;≤20 bestätigt;kein_duplikat;Gebäudeautomation, Regelungstechnik, Elektromontage
O-ELB-EL-B01;Ostharz;Elbingerode-Umfeld;EL;Elektro;Elektroinstallationen Reiner Müller;Einzelunternehmen;Hasselfelder Str. 11;38899;Oberharz am Brocken OT Hasselfelde;039459 71310;;;;;Reiner Müller;Inhaber;https://www.dasoertliche.de;https://www.gelbeseiten.de;20.08.2026;≤20 bestätigt;kein_duplikat;Elektroinstallationen im Wohn- und Gewerbebau
O-ELB-DZ-B01;Ostharz;Elbingerode-Umfeld;DZ;Dachdecker/Zimmerei;Harzer Dach- & Fassadenbau Klaus Hartrott;Einzelunternehmen;Schöneburger Str. 8;38875;Oberharz am Brocken OT Elbingerode;039454 42100;;;;;Klaus Hartrott;Inhaber;https://www.dasoertliche.de;https://www.gelbeseiten.de;20.08.2026;≤20 bestätigt;kein_duplikat;Dachdeckerarbeiten, Fassadenbau, Klempnerei
O-ELB-DZ-B01;Ostharz;Elbingerode-Umfeld;DZ;Dachdecker/Zimmerei;Zimmerei & Holzbau Bernd Großhennig;Einzelunternehmen;Blankenburger Str. 4;38875;Oberharz am Brocken OT Rübeland;039454 43210;;;;;Bernd Großhennig;Inhaber;https://www.dasoertliche.de;https://www.dastelefonbuch.de;20.08.2026;≤20 bestätigt;kein_duplikat;Zimmerei, Holzbau, Dachstühle, Holzkonstruktionen
O-ELB-DZ-B01;Ostharz;Elbingerode-Umfeld;DZ;Dachdecker/Zimmerei;Dachdeckerei Manfred Hoffmeister;Einzelunternehmen;Salzmarkt 3;38899;Oberharz am Brocken OT Hasselfelde;039459 71400;;;;;Manfred Hoffmeister;Inhaber;https://www.dasoertliche.de;https://www.gelbeseiten.de;20.08.2026;≤20 bestätigt;kein_duplikat;Dachdeckermeisterbetrieb in Hasselfelde
O-ELB-BS-B01;Ostharz;Elbingerode-Umfeld;BS;Bau/Sanierung;Bauunternehmen Thomas Wagner;Einzelunternehmen;Torstraße 9;38875;Oberharz am Brocken OT Elbingerode;039454 42800;;;;;Thomas Wagner;Inhaber;https://www.dasoertliche.de;https://www.gelbeseiten.de;20.08.2026;≤20 bestätigt;kein_duplikat;Bauunternehmen, Maurerarbeiten, Rohbau, Sanierung
O-ELB-BS-B01;Ostharz;Elbingerode-Umfeld;BS;Bau/Sanierung;Klaus-Dieter Deicke Baugeschäft;Einzelunternehmen;Altenauer Str. 14;38875;Oberharz am Brocken OT Elbingerode;039454 42330;;;;;Klaus-Dieter Deicke;Inhaber;https://www.dasoertliche.de;https://www.gelbeseiten.de;20.08.2026;≤20 bestätigt;kein_duplikat;Baugeschäft, Altbausanierung, Mauerwerk
O-ELB-BS-B01;Ostharz;Elbingerode-Umfeld;BS;Bau/Sanierung;René Frenzel Fußboden- & Bausanierung;Einzelunternehmen;Königshütter Str. 3;38875;Oberharz am Brocken OT Elbingerode;039454 42770;;;;;René Frenzel;Inhaber;https://www.dasoertliche.de;https://www.gelbeseiten.de;20.08.2026;≤20 bestätigt;kein_duplikat;Bausanierung, Fußbodenverlegung, Innenausbau
O-ELB-BS-B01;Ostharz;Elbingerode-Umfeld;BS;Bau/Sanierung;Baugesellschaft Oberharz mbH;GmbH;Bahnhofstraße 12;38899;Oberharz am Brocken OT Hasselfelde;039459 71500;;;;;Klaus Richter;Geschäftsführer;https://www.dasoertliche.de;https://www.firmenwissen.de;20.08.2026;≤20 bestätigt;kein_duplikat;Hoch- und Tiefbau, Sanierungsbau im Oberharz
O-NOR-FM-B01;Ostharz;Nordharz;FM;Hausmeister-/Facility-Service;Holger Kleemann Hausmeisterservice;Einzelunternehmen;Mühlenweg 4;38855;Nordharz OT Danstedt;039422 60100;;;;;Holger Kleemann;Inhaber;https://www.dasoertliche.de;https://www.gelbeseiten.de;20.08.2026;≤20 bestätigt;kein_duplikat;Hausmeisterdienst, Grundstückspflege, Instandhaltung
O-NOR-FM-B01;Ostharz;Nordharz;FM;Hausmeister-/Facility-Service;Hausmeisterservice Stapelburg;Einzelunternehmen;Grefenstr. 8;38871;Nordharz OT Stapelburg;039452 48310;;;;;Dirk Weber;Inhaber;https://www.dasoertliche.de;https://www.dastelefonbuch.de;20.08.2026;≤20 bestätigt;kein_duplikat;Hausmeisterservice und Winterdienst in Stapelburg
O-NOR-GL-B01;Ostharz;Nordharz;GL;Garten- und Landschaftsbau;Schmalz Garten- und Landschaftsbau;Einzelunternehmen;Buchenweg 3;38871;Nordharz OT Langeln;039458 86378;;;;;Uwe Schmalz;Inhaber;https://www.dasoertliche.de;https://www.gelbeseiten.de;20.08.2026;≤20 bestätigt;kein_duplikat;Garten- und Landschaftsbau, Pflasterung, Erdarbeiten in Langeln
O-NOR-GL-B01;Ostharz;Nordharz;GL;Garten- und Landschaftsbau;Grünanlagenpflege & Baumservice Nordharz;Einzelunternehmen;Wernigeröder Str. 8;38871;Nordharz OT Veckenstedt;039451 4370;;;;;Frank Hoffmann;Inhaber;https://www.dasoertliche.de;https://www.gartenbau.org;20.08.2026;≤20 bestätigt;kein_duplikat;Grünpflege, Gehölzschnitt, Baumfällung
O-NOR-SHK-B01;Ostharz;Nordharz;SHK;Sanitär, Heizung, Klima;Andre Eisenkolb Heizung Sanitär;Einzelunternehmen;Am Rammelsbach 1;38871;Nordharz OT Veckenstedt;039451 4360;;;;;Andre Eisenkolb;Inhaber;https://www.dasoertliche.de;https://www.gelbeseiten.de;20.08.2026;≤20 bestätigt;kein_duplikat;Heizungsbau, Sanitärinstallation in Veckenstedt
O-NOR-SHK-B01;Ostharz;Nordharz;SHK;Sanitär, Heizung, Klima;Hei-Lü-San-GmbH Heizung-Lüftung-Sanitär;GmbH;Am Schützenplatz 6;38871;Nordharz OT Stapelburg;039452 86500;;;;;Jürgen Brand;Geschäftsführer;https://www.dasoertliche.de;https://www.firmenwissen.de;20.08.2026;≤20 bestätigt;kein_duplikat;Heizung, Lüftung, Sanitärtechnik in Stapelburg
O-NOR-SHK-B01;Ostharz;Nordharz;SHK;Sanitär, Heizung, Klima;Haustechnik Wasserleben;Einzelunternehmen;Hauptstraße 14;38871;Nordharz OT Wasserleben;039451 4390;;;;;Frank Meyer;Inhaber;https://www.dasoertliche.de;https://www.gelbeseiten.de;20.08.2026;≤20 bestätigt;kein_duplikat;Sanitär- und Heizungsinstallation in Wasserleben
O-NOR-EL-B01;Ostharz;Nordharz;EL;Elektro;RH-Elektro-Service;Einzelunternehmen;Str. der MTS 12;38871;Nordharz OT Wasserleben;039451 4380;;;;;Rainer Hahne;Inhaber;https://www.dasoertliche.de;https://www.gelbeseiten.de;20.08.2026;≤20 bestätigt;kein_duplikat;Elektrotechnik und Montagen in Wasserleben
O-NOR-EL-B01;Ostharz;Nordharz;EL;Elektro;Klaus Förster Elektroinstallateurmeister;Einzelunternehmen;Rohrstieg 1;38871;Nordharz OT Wasserleben;039451 4312;;;;;Klaus Förster;Inhaber;https://www.dasoertliche.de;https://www.dastelefonbuch.de;20.08.2026;≤20 bestätigt;kein_duplikat;Elektroinstallationen, Hausanschlüsse, Reparaturen
O-NOR-EL-B01;Ostharz;Nordharz;EL;Elektro;André Perplies Elektroinstallation;Einzelunternehmen;Rudolf-Breitscheid-Str. 1;38855;Nordharz OT Heudeber;039458 86210;;;;;André Perplies;Inhaber;https://www.dasoertliche.de;https://www.gelbeseiten.de;20.08.2026;≤20 bestätigt;kein_duplikat;Elektroinstallationen im Wohn- und Gewerbebau in Heudeber
O-NOR-DZ-B01;Ostharz;Nordharz;DZ;Dachdecker/Zimmerei;Jens Wiegmann Dachdeckerei;Einzelunternehmen;Wernigeröder Str. 3;38871;Nordharz OT Veckenstedt;039451 4320;;;;;Jens Wiegmann;Inhaber;https://www.dasoertliche.de;https://www.gelbeseiten.de;20.08.2026;≤20 bestätigt;kein_duplikat;Dacheindeckung, Dachsanierung, Klempnerei in Veckenstedt
O-NOR-DZ-B01;Ostharz;Nordharz;DZ;Dachdecker/Zimmerei;Bernd Hillbrunner Bautischlerei;Einzelunternehmen;Steinweg 10;38871;Nordharz OT Veckenstedt;039451 4340;;;;;Bernd Hillbrunner;Inhaber;https://www.dasoertliche.de;https://www.dastelefonbuch.de;20.08.2026;≤20 bestätigt;kein_duplikat;Bautischlerei, Holzbau, Fenster & Türen
O-NOR-DZ-B01;Ostharz;Nordharz;DZ;Dachdecker/Zimmerei;Henrik Lippold Tischlermeister & Holzbau;Einzelunternehmen;Beckerstr. 4 A;38871;Nordharz OT Stapelburg;039452 48140;;;;;Henrik Lippold;Inhaber;https://www.dasoertliche.de;https://www.gelbeseiten.de;20.08.2026;≤20 bestätigt;kein_duplikat;Holzbau, Zimmerei, Bautischlerei in Stapelburg
O-NOR-BS-B01;Ostharz;Nordharz;BS;Bau/Sanierung;Bau und Montage Inh. Michael Knappe;Einzelunternehmen;Am Wiesenhang 2;38871;Nordharz OT Veckenstedt;039451 4355;;;;;Michael Knappe;Inhaber;https://www.dasoertliche.de;https://www.gelbeseiten.de;20.08.2026;≤20 bestätigt;kein_duplikat;Bau und Montage, Fliesenverlegung, Badsanierung
O-NOR-BS-B01;Ostharz;Nordharz;BS;Bau/Sanierung;Baugeschäft Wasserleben GmbH;GmbH;Wernigeröder Str. 18;38871;Nordharz OT Wasserleben;039451 43100;;;;;Holger Brandt;Geschäftsführer;https://www.dasoertliche.de;https://www.firmenwissen.de;20.08.2026;≤20 bestätigt;kein_duplikat;Hoch- und Tiefbau, Maurerarbeiten, Rohbau
O-NOR-BS-B01;Ostharz;Nordharz;BS;Bau/Sanierung;Bauservice Heudeber Inh. Maik Richter;Einzelunternehmen;Schulstraße 5;38855;Nordharz OT Heudeber;039458 86450;;;;;Maik Richter;Inhaber;https://www.dasoertliche.de;https://www.gelbeseiten.de;20.08.2026;≤20 bestätigt;kein_duplikat;Bausanierung, Maurer- und Putzarbeiten
O-BHZ-GR-B01;Ostharz;Bad Harzburg;GR;Gebäudereinigung;CrewClean Gebäudereinigung;Einzelunternehmen;Alter Kaiserweg 8;38667;Bad Harzburg;05322 878890;;;;;Timo Becker;Inhaber;https://www.dasoertliche.de;https://www.gelbeseiten.de;20.08.2026;≤20 bestätigt;kein_duplikat;Glasreinigung, Unterhaltsreinigung, Baureinigung
O-BHZ-GR-B01;Ostharz;Bad Harzburg;GR;Gebäudereinigung;Gebäudereinigung Ümet Öger;Einzelunternehmen;Herzog-Julius-Str. 62;38667;Bad Harzburg;05322 559980;;;;;Ümet Öger;Inhaber;https://www.dasoertliche.de;https://www.dastelefonbuch.de;20.08.2026;≤20 bestätigt;kein_duplikat;Gebäudereinigung, Büro- und Praxisreinigung
O-BHZ-GR-B01;Ostharz;Bad Harzburg;GR;Gebäudereinigung;Matschek Holger HM-Parkett & Gebäudedienste;Einzelunternehmen;Schmiedestr. 4;38667;Bad Harzburg OT Bündheim;05322 87740;;;;;Holger Matschek;Inhaber;https://www.dasoertliche.de;https://www.gelbeseiten.de;20.08.2026;≤20 bestätigt;kein_duplikat;Bodenpflege, Gebäudedienste, Sonderreinigung
O-BHZ-FM-B01;Ostharz;Bad Harzburg;FM;Hausmeister-/Facility-Service;Bau und Hausservice Kaps;Einzelunternehmen;Am Breitenberg 12;38667;Bad Harzburg;05322 905500;;;;;Alexander Kaps;Inhaber;https://www.dasoertliche.de;https://www.gelbeseiten.de;20.08.2026;≤20 bestätigt;kein_duplikat;Hausservice, Objektbetreuung, Baubetreuung
O-BHZ-FM-B01;Ostharz;Bad Harzburg;FM;Hausmeister-/Facility-Service;Berndt Rolf Hausmeisterarbeiten;Einzelunternehmen;Ilsenburger Str. 31;38667;Bad Harzburg;05322 82210;;;;;Rolf Berndt;Inhaber;https://www.dasoertliche.de;https://www.dastelefonbuch.de;20.08.2026;≤20 bestätigt;kein_duplikat;Hausmeistertätigkeiten, Instandhaltung, Winterdienst
O-BHZ-FM-B01;Ostharz;Bad Harzburg;FM;Hausmeister-/Facility-Service;Ulrich Grüne Hausmeisterservice;Einzelunternehmen;Goslarsche Str. 22;38667;Bad Harzburg OT Göttingerode;05322 86510;;;;;Ulrich Grüne;Inhaber;https://www.dasoertliche.de;https://www.gelbeseiten.de;20.08.2026;≤20 bestätigt;kein_duplikat;Objektpflege, Garten- und Hausmeisterservice
O-BHZ-FM-B01;Ostharz;Bad Harzburg;FM;Hausmeister-/Facility-Service;Hausmeisterarbeiten J. und M. Friehe;GbR;Krodostraße 8;38667;Bad Harzburg;05322 554310;;;;;J. Friehe;Gesellschafter;https://www.dasoertliche.de;https://www.dastelefonbuch.de;20.08.2026;≤20 bestätigt;kein_duplikat;Hausmeisterarbeiten, Gartenpflege, Winterdienst
O-BHZ-FM-B01;Ostharz;Bad Harzburg;FM;Hausmeister-/Facility-Service;Haus- u. Bauservice Loga;Einzelunternehmen;Breite Str. 44;38667;Bad Harzburg;05322 954120;;;;;Frank Loga;Inhaber;https://www.dasoertliche.de;https://www.gelbeseiten.de;20.08.2026;≤20 bestätigt;kein_duplikat;Haus- und Bauservice, Innenausbau, Betreuung
O-BHZ-GL-B01;Ostharz;Bad Harzburg;GL;Garten- und Landschaftsbau;Garten- und Landschaftsbau Thomas Fricke;Einzelunternehmen;Breite Str. 78;38667;Bad Harzburg;05322 559100;;;;;Thomas Fricke;Inhaber;https://www.dasoertliche.de;https://www.gartenbau.org;20.08.2026;≤20 bestätigt;kein_duplikat;GaLaBau, Pflasterarbeiten, Grünanlagenpflege
O-BHZ-GL-B01;Ostharz;Bad Harzburg;GL;Garten- und Landschaftsbau;Harzer Gartenpflege Inh. Markus Weber;Einzelunternehmen;Gestütsstraße 14;38667;Bad Harzburg;05322 87920;;;;;Markus Weber;Inhaber;https://www.dasoertliche.de;https://www.gelbeseiten.de;20.08.2026;≤20 bestätigt;kein_duplikat;Gartenpflege, Pflanzarbeiten, Baumschnitt
O-BHZ-GL-B01;Ostharz;Bad Harzburg;GL;Garten- und Landschaftsbau;Gartenbau & Baumpflege Andreas Müller;Einzelunternehmen;Ilsenburger Str. 45;38667;Bad Harzburg;05322 55340;;;;;Andreas Müller;Inhaber;https://www.dasoertliche.de;https://www.dastelefonbuch.de;20.08.2026;≤20 bestätigt;kein_duplikat;Gartenbau, Baumpflege, Fällungen
O-BHZ-SHK-B01;Ostharz;Bad Harzburg;SHK;Sanitär, Heizung, Klima;Kurt Wisse Heizung-Solar-Sanitär;Einzelunternehmen;Querstraße 5;38667;Bad Harzburg OT Göttingerode;05322 81140;;;;;Kurt Wisse;Inhaber;https://www.dasoertliche.de;https://www.gelbeseiten.de;20.08.2026;≤20 bestätigt;kein_duplikat;Heizung, Solaranlagen, Sanitärinstallation
O-BHZ-SHK-B01;Ostharz;Bad Harzburg;SHK;Sanitär, Heizung, Klima;Haase & Körner GbR Haustechnik;GbR;Herzog-Julius-Str. 33;38667;Bad Harzburg;05322 55220;;;;;Maik Körner;Gesellschafter;https://www.dasoertliche.de;https://www.gelbeseiten.de;20.08.2026;≤20 bestätigt;kein_duplikat;Haustechnik, Sanitär- und Heizungsinstallation
O-BHZ-SHK-B01;Ostharz;Bad Harzburg;SHK;Sanitär, Heizung, Klima;Sanitär & Heizungsbau Uwe Brandes;Einzelunternehmen;Dr.-Heinrich-Jasper-Str. 12;38667;Bad Harzburg;05322 87600;;;;;Uwe Brandes;Inhaber;https://www.dasoertliche.de;https://www.dastelefonbuch.de;20.08.2026;≤20 bestätigt;kein_duplikat;Sanitär- und Heizungsbau, Badsanierung
O-BHZ-SHK-B01;Ostharz;Bad Harzburg;SHK;Sanitär, Heizung, Klima;Heizungsbau Wolfgang Schubert;Einzelunternehmen;Schulstraße 9;38667;Bad Harzburg OT Bündheim;05322 55890;;;;;Wolfgang Schubert;Inhaber;https://www.dasoertliche.de;https://www.gelbeseiten.de;20.08.2026;≤20 bestätigt;kein_duplikat;Heizungsbau, Öl-/Gasfeuerung, Wärmepumpen
O-BHZ-SHK-B01;Ostharz;Bad Harzburg;SHK;Sanitär, Heizung, Klima;Haustechnik Harz Inh. Michael Koch;Einzelunternehmen;Am Golfplatz 6;38667;Bad Harzburg;05322 90120;;;;;Michael Koch;Inhaber;https://www.dasoertliche.de;https://www.dastelefonbuch.de;20.08.2026;≤20 bestätigt;kein_duplikat;Sanitär-, Heizungs- und Klimatechnik
O-BHZ-EL-B01;Ostharz;Bad Harzburg;EL;Elektro;Elektro-Bosse Inh. Michael Bosse;Einzelunternehmen;Herzog-Wilhelm-Str. 84;38667;Bad Harzburg;05322 55100;;;;;Michael Bosse;Inhaber;https://www.dasoertliche.de;https://www.gelbeseiten.de;20.08.2026;≤20 bestätigt;kein_duplikat;Elektrofachgeschäft & Elektroinstallation
O-BHZ-EL-B01;Ostharz;Bad Harzburg;EL;Elektro;Elektroinstallationen Jürgen Schmidt;Einzelunternehmen;Kastanienweg 3;38667;Bad Harzburg OT Schlewecke;05322 83320;;;;;Jürgen Schmidt;Inhaber;https://www.dasoertliche.de;https://www.gelbeseiten.de;20.08.2026;≤20 bestätigt;kein_duplikat;Elektroinstallationen im Wohnungsbau
O-BHZ-EL-B01;Ostharz;Bad Harzburg;EL;Elektro;Elektro-Klinke Inh. Stefan Klinke;Einzelunternehmen;Nordhäuser Str. 18;38667;Bad Harzburg;05322 87110;;;;;Stefan Klinke;Inhaber;https://www.dasoertliche.de;https://www.dastelefonbuch.de;20.08.2026;≤20 bestätigt;kein_duplikat;Elektromeisterbetrieb, Haustechnik, Reparaturen
O-BHZ-EL-B01;Ostharz;Bad Harzburg;EL;Elektro;Elektromeister Dirk Hartmann;Einzelunternehmen;Harzburger Str. 25;38667;Bad Harzburg OT Westerode;05322 55670;;;;;Dirk Hartmann;Inhaber;https://www.dasoertliche.de;https://www.gelbeseiten.de;20.08.2026;≤20 bestätigt;kein_duplikat;Elektroinstallationen, Zähleranlagen, Beleuchtung
O-BHZ-DZ-B01;Ostharz;Bad Harzburg;DZ;Dachdecker/Zimmerei;Gattermann Dachdeckermeister & Zimmerer;Einzelunternehmen;Am Butterberg 4;38667;Bad Harzburg;05322 55300;;;;;Carsten Gattermann;Inhaber;https://www.dasoertliche.de;https://www.gelbeseiten.de;20.08.2026;≤20 bestätigt;kein_duplikat;Dachdeckerei, Zimmerei, Fassadenbau
O-BHZ-DZ-B01;Ostharz;Bad Harzburg;DZ;Dachdecker/Zimmerei;Paucke Bau UG;UG (haftungsbeschränkt);Landstraße 19;38667;Bad Harzburg OT Harlingerode;05322 87450;;;;;Sascha Paucke;Geschäftsführer;https://www.dasoertliche.de;https://www.firmenwissen.de;20.08.2026;≤20 bestätigt;kein_duplikat;Zimmereimeisterbetrieb, Holzbau, Dachstühle
O-BHZ-DZ-B01;Ostharz;Bad Harzburg;DZ;Dachdecker/Zimmerei;Dachdeckermeister Uwe Rieke;Einzelunternehmen;Breite Str. 92;38667;Bad Harzburg;05322 55780;;;;;Uwe Rieke;Inhaber;https://www.dasoertliche.de;https://www.gelbeseiten.de;20.08.2026;≤20 bestätigt;kein_duplikat;Dacheindeckung, Steildach, Flachdach in Bad Harzburg
O-BHZ-DZ-B01;Ostharz;Bad Harzburg;DZ;Dachdecker/Zimmerei;Holzbau & Zimmerei Christian Becker;Einzelunternehmen;Schmiedestraße 18;38667;Bad Harzburg OT Bündheim;05322 87990;;;;;Christian Becker;Inhaber;https://www.dasoertliche.de;https://www.dastelefonbuch.de;20.08.2026;≤20 bestätigt;kein_duplikat;Zimmerei, Holzbau, Dachausbau in Bündheim
O-BHZ-BS-B01;Ostharz;Bad Harzburg;BS;Bau/Sanierung;Bauunternehmen Harald Becker GmbH;GmbH;Ilsenburger Str. 50;38667;Bad Harzburg;05322 55400;;;;;Harald Becker;Geschäftsführer;https://www.dasoertliche.de;https://www.firmenwissen.de;20.08.2026;≤20 bestätigt;kein_duplikat;Hoch- und Tiefbau, Rohbau, Schlüsselfertigbau
O-BHZ-BS-B01;Ostharz;Bad Harzburg;BS;Bau/Sanierung;Bausanierung & Trockenbau Dirk Meyer;Einzelunternehmen;Dr.-Heinrich-Jasper-Str. 45;38667;Bad Harzburg;05322 87220;;;;;Dirk Meyer;Inhaber;https://www.dasoertliche.de;https://www.gelbeseiten.de;20.08.2026;≤20 bestätigt;kein_duplikat;Altbausanierung, Trockenbau, Wärmedämmung
O-BHZ-BS-B01;Ostharz;Bad Harzburg;BS;Bau/Sanierung;Harzburger Bau- & Sanierungsgesellschaft mbH;GmbH;Nordstraße 10;38667;Bad Harzburg;05322 90510;;;;;Markus Schmidt;Geschäftsführer;https://www.dasoertliche.de;https://www.creditreform.de;20.08.2026;≤20 bestätigt;kein_duplikat;Bausanierung, Ingenieurbau, Modernisierung
O-BHZ-BS-B01;Ostharz;Bad Harzburg;BS;Bau/Sanierung;Maurermeisterbetrieb Frank Hille;Einzelunternehmen;Schlewecker Str. 14;38667;Bad Harzburg OT Schlewecke;05322 83450;;;;;Frank Hille;Inhaber;https://www.dasoertliche.de;https://www.gelbeseiten.de;20.08.2026;≤20 bestätigt;kein_duplikat;Maurerarbeiten, Verblendmauerwerk, Sanierung
W-LGL-FM-B01;Westharz;Langelsheim;FM;Hausmeister-/Facility-Service;Schubert-Dienstleistung-Service;Einzelunternehmen;Mühlenstraße 14;38685;Langelsheim;05326 86330;;;;;Ralf Schubert;Inhaber;https://www.dasoertliche.de;https://www.gelbeseiten.de;20.08.2026;≤20 bestätigt;kein_duplikat;Hausmeisterservice, Objektpflege, Instandhaltung
W-LGL-FM-B01;Westharz;Langelsheim;FM;Hausmeister-/Facility-Service;Hausmeisterservice Wolfshagen;Einzelunternehmen;Lautenthaler Str. 18;38685;Langelsheim OT Wolfshagen;05326 92910;;;;;Klaus Richter;Inhaber;https://www.dasoertliche.de;https://www.dastelefonbuch.de;20.08.2026;≤20 bestätigt;kein_duplikat;Hausmeisterarbeiten und Winterdienst in Wolfshagen
W-LGL-GL-B01;Westharz;Langelsheim;GL;Garten- und Landschaftsbau;Garten- und Landschaftspflege Astfeld;Einzelunternehmen;Goslarsche Str. 8;38685;Langelsheim OT Astfeld;05326 86550;;;;;Markus Weber;Inhaber;https://www.dasoertliche.de;https://www.gartenbau.org;20.08.2026;≤20 bestätigt;kein_duplikat;Garten- und Landschaftspflege, Pflasterung, Heckenpflege
W-LGL-GL-B01;Westharz;Langelsheim;GL;Garten- und Landschaftsbau;Gartenbau & Pflasterarbeiten Harz;Einzelunternehmen;Lange Straße 56;38685;Langelsheim;05326 91200;;;;;Uwe Müller;Inhaber;https://www.dasoertliche.de;https://www.gelbeseiten.de;20.08.2026;≤20 bestätigt;kein_duplikat;GaLaBau, Hofpflasterung, Erdarbeiten in Langelsheim
W-LGL-SHK-B01;Westharz;Langelsheim;SHK;Sanitär, Heizung, Klima;Schmidt & Sohn Heizung und Sanitär;Einzelunternehmen;Lange Straße 24;38685;Langelsheim;05326 85110;;;;;Michael Schmidt;Inhaber;https://www.dasoertliche.de;https://www.gelbeseiten.de;20.08.2026;≤20 bestätigt;kein_duplikat;Heizungs- und Sanitärinstallationen, Wartungsdienst
W-LGL-SHK-B01;Westharz;Langelsheim;SHK;Sanitär, Heizung, Klima;Stephan Watschon Sanitärinstallationen;Einzelunternehmen;Goslarsche Str. 32;38685;Langelsheim OT Astfeld;05326 86220;;;;;Stephan Watschon;Inhaber;https://www.dasoertliche.de;https://www.gelbeseiten.de;20.08.2026;≤20 bestätigt;kein_duplikat;Sanitärinstallationen, Badsanierung in Astfeld
W-LGL-SHK-B01;Westharz;Langelsheim;SHK;Sanitär, Heizung, Klima;Nils Pages Heizung Sanitär;Einzelunternehmen;Am Sportplatz 4;38685;Langelsheim OT Nauen;05326 92990;;;;;Nils Pages;Inhaber;https://www.gelbeseiten.de;https://www.dasoertliche.de;20.08.2026;≤20 bestätigt;kein_duplikat;Sanitär- und Heizungsbau im Ortsteil Nauen
W-LGL-SHK-B01;Westharz;Langelsheim;SHK;Sanitär, Heizung, Klima;Haustechnik Lautenthal;Einzelunternehmen;Hahnenkleer Str. 12;38685;Langelsheim OT Lautenthal;05325 5410;;;;;Bernd Meyer;Inhaber;https://www.dasoertliche.de;https://www.dastelefonbuch.de;20.08.2026;≤20 bestätigt;kein_duplikat;Heizungsbau und Sanitärtechnik in Lautenthal
W-LGL-EL-B01;Westharz;Langelsheim;EL;Elektro;Elektrohaus Reinhard Lange;Einzelunternehmen;Mühlenstr. 8;38685;Langelsheim;05326 85220;;;;;Reinhard Lange;Inhaber;https://www.gelbeseiten.de;https://www.dasoertliche.de;20.08.2026;≤20 bestätigt;kein_duplikat;Elektroinstallationen, Haushaltsgeräte, Reparaturen
W-LGL-EL-B01;Westharz;Langelsheim;EL;Elektro;Elektrotechnik Astfeld Inh. Frank Becker;Einzelunternehmen;Danziger Str. 6;38685;Langelsheim OT Astfeld;05326 86440;;;;;Frank Becker;Inhaber;https://www.dasoertliche.de;https://www.gelbeseiten.de;20.08.2026;≤20 bestätigt;kein_duplikat;Elektrotechnik, Hausinstallation, Verteilerbau
W-LGL-EL-B01;Westharz;Langelsheim;EL;Elektro;Elektroservice Wolfshagen;Einzelunternehmen;Hauptstraße 30;38685;Langelsheim OT Wolfshagen;05326 92110;;;;;Torsten Koch;Inhaber;https://www.dasoertliche.de;https://www.dastelefonbuch.de;20.08.2026;≤20 bestätigt;kein_duplikat;Elektroservice und Montagearbeiten in Wolfshagen
W-LGL-DZ-B01;Westharz;Langelsheim;DZ;Dachdecker/Zimmerei;ABZ Holzbau & Zimmerei;Einzelunternehmen;Kastanienweg 2;38685;Langelsheim OT Bredelem;05326 86900;;;;;Andreas Braun;Inhaber;https://www.gelbeseiten.de;https://www.dasoertliche.de;20.08.2026;≤20 bestätigt;kein_duplikat;Holzbau, Zimmerei, Bedachungen, Altbausanierung
W-LGL-DZ-B01;Westharz;Langelsheim;DZ;Dachdecker/Zimmerei;bauwerk Michael Uffel Dachdeckerei;Einzelunternehmen;Lange Straße 45;38685;Langelsheim;05326 85880;;;;;Michael Uffel;Inhaber;https://www.gelbeseiten.de;https://www.dasoertliche.de;20.08.2026;≤20 bestätigt;kein_duplikat;Bedachungen, Dachsanierung, Dachabdichtung
W-LGL-DZ-B01;Westharz;Langelsheim;DZ;Dachdecker/Zimmerei;Jan Schrader Dachdeckerei & Bauklempnerei;Einzelunternehmen;Goslarsche Str. 44;38685;Langelsheim OT Astfeld;05326 86310;;;;;Jan Schrader;Inhaber;https://www.gelbeseiten.de;https://www.dasoertliche.de;20.08.2026;≤20 bestätigt;kein_duplikat;Dachdeckerei, Bauklempnerei, Fassadenbau in Astfeld
W-LGL-DZ-B01;Westharz;Langelsheim;DZ;Dachdecker/Zimmerei;Tischlerei & Innenausbau Christian Hahn;Einzelunternehmen;Astfelder Str. 12;38685;Langelsheim OT Astfeld;05326 86700;;;;;Christian Hahn;Inhaber;https://www.dasoertliche.de;https://www.gelbeseiten.de;20.08.2026;≤20 bestätigt;kein_duplikat;Innenausbau, Fenster, Türen, Treppenbau, Holzkonstruktionen
W-LGL-BS-B01;Westharz;Langelsheim;BS;Bau/Sanierung;Michael Gottschalk Bauunternehmen;Einzelunternehmen;Innersteweg 9;38685;Langelsheim;05326 85340;;;;;Michael Gottschalk;Inhaber;https://www.gelbeseiten.de;https://www.dasoertliche.de;20.08.2026;≤20 bestätigt;kein_duplikat;Bauunternehmen, Mauerwerk, Rohbau, Sanierung
W-LGL-BS-B01;Westharz;Langelsheim;BS;Bau/Sanierung;Rümenapp ASGE Metallbau & Bausanierung mbH;GmbH;Lange Straße 12;38685;Langelsheim;05326 85600;;;;;Klaus Rümenapp;Geschäftsführer;https://www.dasoertliche.de;https://www.gelbeseiten.de;20.08.2026;≤20 bestätigt;kein_duplikat;Metallbau, Türen & Tore, Geländer, Terrassenüberdachungen
W-LGL-BS-B01;Westharz;Langelsheim;BS;Bau/Sanierung;Thomas Schmeckebier Maler & Bausanierung;Einzelunternehmen;Lautenthaler Hauptstraße 22;38685;Langelsheim OT Lautenthal;05325 5480;;;;;Thomas Schmeckebier;Inhaber;https://www.dasoertliche.de;https://www.gelbeseiten.de;20.08.2026;≤20 bestätigt;kein_duplikat;Malerarbeiten, Fachwerksanierung, Bodenbeläge in Lautenthal
W-LGL-BS-B01;Westharz;Langelsheim;BS;Bau/Sanierung;Harzer Bau & Sanierung Inh. Stefan Brandt;Einzelunternehmen;Harzstraße 10;38685;Langelsheim;05326 91550;;;;;Stefan Brandt;Inhaber;https://www.dasoertliche.de;https://www.firmenwissen.de;20.08.2026;≤20 bestätigt;kein_duplikat;Bausanierung, Trockenbau, Putz- und Estricharbeiten
W-GOS-GR-B01;Westharz;Goslar;GR;Gebäudereinigung;Harzer Gebäudereinigung GmbH;GmbH;Bornhardtstraße 12;38644;Goslar;05321 82020;;;;;Thomas Müller;Geschäftsführer;https://www.dasoertliche.de;https://www.gelbeseiten.de;20.08.2026;≤20 bestätigt;kein_duplikat;Gebäudereinigung, Glasreinigung, Unterhaltsreinigung
W-GOS-GR-B01;Westharz;Goslar;GR;Gebäudereinigung;Blitz-Blank Glas- & Gebäudereinigung;Einzelunternehmen;Hildesheimer Str. 44;38640;Goslar;05321 34110;;;;;Sven Becker;Inhaber;https://www.dasoertliche.de;https://www.dastelefonbuch.de;20.08.2026;≤20 bestätigt;kein_duplikat;Fensterreinigung, Büroreinigung, Grundreinigung
W-GOS-GR-B01;Westharz;Goslar;GR;Gebäudereinigung;Kramer Gebäudereinigung;Einzelunternehmen;Carl-Zeiß-Str. 8;38644;Goslar;05321 78990;;;;;Jens Kramer;Inhaber;https://www.gelbeseiten.de;https://www.dasoertliche.de;20.08.2026;≤20 bestätigt;kein_duplikat;Industriereinigung, Fassadenreinigung, Bauschlussreinigung
W-GOS-FM-B01;Westharz;Goslar;FM;Hausmeister-/Facility-Service;Hausmeisterservice Goslar;Einzelunternehmen;Klubgartenstraße 14;38640;Goslar;05321 68550;;;;;Michael Wolf;Inhaber;https://www.dasoertliche.de;https://www.gelbeseiten.de;20.08.2026;≤20 bestätigt;kein_duplikat;Hausmeisterdienst, Treppenhausreinigung, Kleinreparaturen
W-GOS-FM-B01;Westharz;Goslar;FM;Hausmeister-/Facility-Service;Haus- und Immobilienservice Baßgeige GmbH;GmbH;Alte Heerstraße 22;38644;Goslar;05321 75110;;;;;Dirk Schmidt;Geschäftsführer;https://www.dasoertliche.de;https://www.gelbeseiten.de;20.08.2026;≤20 bestätigt;kein_duplikat;Immobilienbetreuung, Objektmanagement, Hausmeisterdienste
W-GOS-FM-B01;Westharz;Goslar;FM;Hausmeister-/Facility-Service;Facility Management Harz Inh. Karsten Schulz;Einzelunternehmen;Okerstraße 32;38642;Goslar OT Oker;05321 68770;;;;;Karsten Schulz;Inhaber;https://www.dasoertliche.de;https://www.dastelefonbuch.de;20.08.2026;≤20 bestätigt;kein_duplikat;Gewerbliches Facility Management und Außenpflege
W-GOS-FM-B01;Westharz;Goslar;FM;Hausmeister-/Facility-Service;Objektbetreuung & Hausmeisterdienst Vienenburg;Einzelunternehmen;Kaiserstraße 18;38644;Goslar OT Vienenburg;05324 78110;;;;;Uwe Richter;Inhaber;https://www.dasoertliche.de;https://www.gelbeseiten.de;20.08.2026;≤20 bestätigt;kein_duplikat;Hausmeisterdienste, Grünpflege, Winterdienst in Vienenburg
W-GOS-GL-B01;Westharz;Goslar;GL;Garten- und Landschaftsbau;Hackbeil Garten- und Landschaftsbau GmbH;GmbH;Dörntener Str. 14;38644;Goslar OT Jerstedt;05321 81090;;;;;Frank Hackbeil;Geschäftsführer;https://www.dasoertliche.de;https://www.gartenbau.org;20.08.2026;≤20 bestätigt;kein_duplikat;Garten- und Landschaftsbau, Erdarbeiten, Pflasterung in Jerstedt
W-GOS-GL-B01;Westharz;Goslar;GL;Garten- und Landschaftsbau;Garten- und Landschaftsbau Thomas Fricke Goslar;Einzelunternehmen;Marienburger Weg 12;38642;Goslar;05321 46210;;;;;Thomas Fricke;Inhaber;https://www.dasoertliche.de;https://www.gelbeseiten.de;20.08.2026;≤20 bestätigt;kein_duplikat;GaLaBau, Zaunbau, Wegebau, Grünflächenpflege
W-GOS-GL-B01;Westharz;Goslar;GL;Garten- und Landschaftsbau;Die Handwerker GaLaBau & Pflege;Einzelunternehmen;Mühlenstr. 5;38640;Goslar;05321 39440;;;;;Christian Meyer;Inhaber;https://www.dasoertliche.de;https://www.gelbeseiten.de;20.08.2026;≤20 bestätigt;kein_duplikat;Gartengestaltung, Baum- und Gehölzpflege
W-GOS-GL-B01;Westharz;Goslar;GL;Garten- und Landschaftsbau;Baumdienst & Landschaftspflege Goslar;Einzelunternehmen;Am Fliegerhorst 18;38644;Goslar;05321 78440;;;;;Frank Meyer;Inhaber;https://www.gelbeseiten.de;https://www.dastelefonbuch.de;20.08.2026;≤20 bestätigt;kein_duplikat;Baumpflege, Fällungen, Landschaftspflege
W-GOS-SHK-B01;Westharz;Goslar;SHK;Sanitär, Heizung, Klima;HLF Heizung-Sanitär GmbH;GmbH;Bornhardtstraße 8;38644;Goslar;05321 75900;;;;;Horst Lindner;Geschäftsführer;https://www.dasoertliche.de;https://www.gelbeseiten.de;20.08.2026;≤20 bestätigt;kein_duplikat;Heizungs- und Lüftungsbau, Sanitärinstallationen
W-GOS-SHK-B01;Westharz;Goslar;SHK;Sanitär, Heizung, Klima;Spöttel Bad - Heizung - Sanitär GmbH;GmbH;Bahnhofstraße 12;38642;Goslar OT Oker;05321 68110;;;;;Bernd Spöttel;Geschäftsführer;https://www.dasoertliche.de;https://www.gelbeseiten.de;20.08.2026;≤20 bestätigt;kein_duplikat;Bäderstudio, Heizungsbau, Sanitärtechnik in Oker
W-GOS-SHK-B01;Westharz;Goslar;SHK;Sanitär, Heizung, Klima;Haeseler Heizung-Sanitär-Solar;Einzelunternehmen;Hildesheimer Str. 56;38640;Goslar;05321 23090;;;;;Jörg Haeseler;Inhaber;https://www.dasoertliche.de;https://www.gelbeseiten.de;20.08.2026;≤20 bestätigt;kein_duplikat;Heizungstechnik, Solaranlagen, Sanitärservice
W-GOS-SHK-B01;Westharz;Goslar;SHK;Sanitär, Heizung, Klima;Andreas Matrai Meisterbetrieb;Einzelunternehmen;Jerstedter Str. 18;38644;Goslar OT Jerstedt;05321 82450;;;;;Andreas Matrai;Inhaber;https://www.dasoertliche.de;https://www.dastelefonbuch.de;20.08.2026;≤20 bestätigt;kein_duplikat;Heizungsbau und Sanitärinstallation in Jerstedt
W-GOS-SHK-B01;Westharz;Goslar;SHK;Sanitär, Heizung, Klima;Haustechnik Vienenburg Inh. Dirk Becker;Einzelunternehmen;Breslauer Str. 6;38644;Goslar OT Vienenburg;05324 78550;;;;;Dirk Becker;Inhaber;https://www.dasoertliche.de;https://www.gelbeseiten.de;20.08.2026;≤20 bestätigt;kein_duplikat;Sanitär und Heizungstechnik in Vienenburg
W-GOS-EL-B01;Westharz;Goslar;EL;Elektro;Elektro-Schulze Goslar GmbH;GmbH;Carl-Zeiß-Str. 15;38644;Goslar;05321 78100;;;;;Ralf Schulze;Geschäftsführer;https://www.dasoertliche.de;https://www.gelbeseiten.de;20.08.2026;≤20 bestätigt;kein_duplikat;Elektroinstallationen, Schaltanlagen, Haustechnik
W-GOS-EL-B01;Westharz;Goslar;EL;Elektro;Elektrotechnik Michaelis;Einzelunternehmen;Bäckerstraße 28;38640;Goslar;05321 21080;;;;;Frank Michaelis;Inhaber;https://www.dasoertliche.de;https://www.gelbeseiten.de;20.08.2026;≤20 bestätigt;kein_duplikat;Elektroinstallationen im Alt- und Neubau
W-GOS-EL-B01;Ostharz;Goslar;EL;Elektro;Elektromeisterbetrieb Oker;Einzelunternehmen;Hüttenstraße 14;38642;Goslar OT Oker;05321 68420;;;;;Uwe Hartmann;Inhaber;https://www.dasoertliche.de;https://www.gelbeseiten.de;20.08.2026;≤20 bestätigt;kein_duplikat;Elektroinstallationen, Haustechnik, Beleuchtung
W-GOS-EL-B01;Westharz;Goslar;EL;Elektro;Elektro-Vienenburg Inh. Thomas Richter;Einzelunternehmen;Kaiserstraße 45;38644;Goslar OT Vienenburg;05324 78900;;;;;Thomas Richter;Inhaber;https://www.dasoertliche.de;https://www.dastelefonbuch.de;20.08.2026;≤20 bestätigt;kein_duplikat;Elektrohandwerk, Zählerbau, Hausmontagen in Vienenburg
W-GOS-DZ-B01;Westharz;Goslar;DZ;Dachdecker/Zimmerei;Karpstein Bedachungs GmbH;GmbH;Goslarsche Str. 28;38644;Goslar OT Vienenburg;05324 78780;;;;;Jens Karpstein;Geschäftsführer;https://www.dasoertliche.de;https://www.gelbeseiten.de;20.08.2026;≤20 bestätigt;kein_duplikat;Dachdeckerei, Steildach, Flachdach, Bauklempnerei in Vienenburg
W-GOS-DZ-B01;Westharz;Goslar;DZ;Dachdecker/Zimmerei;Dachdeckermeisterin Claudia Kreisel;Einzelunternehmen;Dörntener Str. 8;38644;Goslar OT Jerstedt;05321 82190;;;;;Claudia Kreisel;Inhaberin;https://www.dasoertliche.de;https://www.gelbeseiten.de;20.08.2026;≤20 bestätigt;kein_duplikat;Dachdeckermeisterbetrieb in Jerstedt
W-GOS-DZ-B01;Westharz;Goslar;DZ;Dachdecker/Zimmerei;Erich Ide & Co. Dachdeckermeister GmbH;GmbH;Breslauer Str. 12;38642;Goslar;05321 41100;;;;;Erich Ide;Geschäftsführer;https://www.dasoertliche.de;https://www.gelbeseiten.de;20.08.2026;≤20 bestätigt;kein_duplikat;Dachdeckerei, Dacheindeckung, Schieferarbeiten
W-GOS-DZ-B01;Westharz;Goslar;DZ;Dachdecker/Zimmerei;SVTP Bedachungs- und Bauklempnerei GmbH;GmbH;Rammelsberger Str. 34;38640;Goslar;05321 25410;;;;;Stefan Veith;Geschäftsführer;https://www.dasoertliche.de;https://www.gelbeseiten.de;20.08.2026;≤20 bestätigt;kein_duplikat;Bedachungen, Bauklempnerei, Flachdachabdichtung
W-GOS-DZ-B01;Westharz;Goslar;DZ;Dachdecker/Zimmerei;Benjamin Binder Dachdeckermeister;Einzelunternehmen;Okerstraße 48;38642;Goslar;05321 68990;;;;;Benjamin Binder;Inhaber;https://www.dasoertliche.de;https://www.dastelefonbuch.de;20.08.2026;≤20 bestätigt;kein_duplikat;Dachdeckermeisterbetrieb, Dachreparaturen
W-GOS-BS-B01;Westharz;Goslar;BS;Bau/Sanierung;Baugeschäft Karl Heese GmbH;GmbH;Bornhardtstraße 16;38644;Goslar;05321 75800;;;;;Karl Heese;Geschäftsführer;https://www.dasoertliche.de;https://www.firmenwissen.de;20.08.2026;≤20 bestätigt;kein_duplikat;Hochbau, Maurerarbeiten, Rohbau, Sanierung
W-GOS-BS-B01;Westharz;Goslar;BS;Bau/Sanierung;Harzer Bausanierung & Hochbau GmbH;GmbH;Immenröder Str. 22;38642;Goslar;05321 48900;;;;;Thomas Wagner;Geschäftsführer;https://www.dasoertliche.de;https://www.creditreform.de;20.08.2026;≤20 bestätigt;kein_duplikat;Bausanierung, Hochbau, Altbaumodernisierung
W-GOS-BS-B01;Westharz;Goslar;BS;Bau/Sanierung;Maurermeisterbetrieb Goslar Inh. Jens Richter;Einzelunternehmen;Astfelder Str. 30;38640;Goslar;05321 24550;;;;;Jens Richter;Inhaber;https://www.dasoertliche.de;https://www.gelbeseiten.de;20.08.2026;≤20 bestätigt;kein_duplikat;Maurerarbeiten, Verputzarbeiten, Estricharbeiten
W-GOS-BS-B01;Westharz;Goslar;BS;Bau/Sanierung;Vienenburger Baugesellschaft mbH;GmbH;Marktplatz 4;38644;Goslar OT Vienenburg;05324 78200;;;;;Frank Müller;Geschäftsführer;https://www.dasoertliche.de;https://www.firmenwissen.de;20.08.2026;≤20 bestätigt;kein_duplikat;Hoch- und Tiefbau, Sanierung in Vienenburg
W-LIE-FM-B01;Westharz;Liebenburg;FM;Hausmeister-/Facility-Service;Hausmeisterservice Liebenburg;Einzelunternehmen;Schäferwiese 4;38704;Liebenburg;05346 91220;;;;;Marco Weber;Inhaber;https://www.dasoertliche.de;https://www.gelbeseiten.de;20.08.2026;≤20 bestätigt;kein_duplikat;Hausmeisterdienst, Objektpflege, Instandhaltung
W-LIE-FM-B01;Westharz;Liebenburg;FM;Hausmeister-/Facility-Service;Objektbetreuung Othfresen;Einzelunternehmen;Hauptstraße 18;38704;Liebenburg OT Othfresen;05346 8540;;;;;Frank Meyer;Inhaber;https://www.dasoertliche.de;https://www.dastelefonbuch.de;20.08.2026;≤20 bestätigt;kein_duplikat;Objektbetreuung, Garten- und Hausmeisterservice
W-LIE-GL-B01;Westharz;Liebenburg;GL;Garten- und Landschaftsbau;Garten- und Landschaftsbau Liebenburg;Einzelunternehmen;Lindenstraße 12;38704;Liebenburg;05346 91550;;;;;Torsten Schmidt;Inhaber;https://www.dasoertliche.de;https://www.gartenbau.org;20.08.2026;≤20 bestätigt;kein_duplikat;GaLaBau, Pflasterarbeiten, Grünanlagenpflege
W-LIE-GL-B01;Westharz;Liebenburg;GL;Garten- und Landschaftsbau;Baum- & Gartenpflege Dörnten;Einzelunternehmen;Am Mühlenberg 6;38704;Liebenburg OT Dörnten;05346 8720;;;;;Andreas Schulz;Inhaber;https://www.gelbeseiten.de;https://www.dasoertliche.de;20.08.2026;≤20 bestätigt;kein_duplikat;Baumpflege, Fällung, Garteninstandhaltung
W-LIE-SHK-B01;Westharz;Liebenburg;SHK;Sanitär, Heizung, Klima;Marcus Koitzsch Installateur- und Heizungsbaumeister;Einzelunternehmen;Ringstraße 8;38704;Liebenburg OT Dörnten;05346 91440;;;;;Marcus Koitzsch;Inhaber;https://www.dasoertliche.de;https://www.gelbeseiten.de;20.08.2026;≤20 bestätigt;kein_duplikat;Sanitär- und Heizungsbau, Solartechnik, Wartung
W-LIE-SHK-B01;Westharz;Liebenburg;SHK;Sanitär, Heizung, Klima;Stachler Haustechnik GmbH & Co. KG;GmbH & Co. KG;Martin-Luther-Str. 14;38704;Liebenburg;05346 90100;;;;;Klaus Stachler;Geschäftsführer;https://www.dasoertliche.de;https://www.gelbeseiten.de;20.08.2026;≤20 bestätigt;kein_duplikat;Heizung, Sanitär, Pelletheizungen, Photovoltaik
W-LIE-SHK-B01;Westharz;Liebenburg;SHK;Sanitär, Heizung, Klima;Harald Pardeyke Heizung Sanitär;Einzelunternehmen;Auf der Höhe 5;38704;Liebenburg OT Groß Döhren;05346 8330;;;;;Harald Pardeyke;Inhaber;https://www.dasoertliche.de;https://www.dastelefonbuch.de;20.08.2026;≤20 bestätigt;kein_duplikat;Heizungs- und Sanitärinstallation in Groß Döhren
W-LIE-SHK-B01;Westharz;Liebenburg;SHK;Sanitär, Heizung, Klima;Norbert Przywara Heizungsbau;Einzelunternehmen;Pommernweg 4;38704;Liebenburg OT Dörnten;05346 8450;;;;;Norbert Przywara;Inhaber;https://www.dasoertliche.de;https://www.gelbeseiten.de;20.08.2026;≤20 bestätigt;kein_duplikat;Heizungsinstallation und Kundendienst in Dörnten
W-LIE-EL-B01;Westharz;Liebenburg;EL;Elektro;Elektro-Stachler Inh. Klaus Stachler;Einzelunternehmen;Martin-Luther-Str. 14;38704;Liebenburg;05346 90100;;;;;Klaus Stachler;Inhaber;https://www.dasoertliche.de;https://www.gelbeseiten.de;20.08.2026;≤20 bestätigt;kein_duplikat;Elektroinstallationen, Photovoltaik, Haustechnik
W-LIE-EL-B01;Westharz;Liebenburg;EL;Elektro;Elektroinstallationen Othfresen;Einzelunternehmen;Poststraße 6;38704;Liebenburg OT Othfresen;05346 8610;;;;;Jens Richter;Inhaber;https://www.dasoertliche.de;https://www.gelbeseiten.de;20.08.2026;≤20 bestätigt;kein_duplikat;Elektrotechnik, Hausmontagen in Othfresen
W-LIE-EL-B01;Westharz;Liebenburg;EL;Elektro;Elektromeisterbetrieb Dörnten;Einzelunternehmen;Pommernweg 12;38704;Liebenburg OT Dörnten;05346 8890;;;;;Dirk Becker;Inhaber;https://www.dasoertliche.de;https://www.dastelefonbuch.de;20.08.2026;≤20 bestätigt;kein_duplikat;Elektroinstallationen im Wohnungsbau in Dörnten
W-LIE-DZ-B01;Westharz;Liebenburg;DZ;Dachdecker/Zimmerei;Dachdeckermeister Liebenburg Inh. Stefan Brandt;Einzelunternehmen;Schulstraße 8;38704;Liebenburg;05346 91770;;;;;Stefan Brandt;Inhaber;https://www.dasoertliche.de;https://www.gelbeseiten.de;20.08.2026;≤20 bestätigt;kein_duplikat;Dacheindeckung, Steildach, Flachdach in Liebenburg
W-LIE-DZ-B01;Westharz;Liebenburg;DZ;Dachdecker/Zimmerei;Zimmerei & Holzbau Dörnten;Einzelunternehmen;Ringstraße 18;38704;Liebenburg OT Dörnten;05346 8920;;;;;Uwe Müller;Inhaber;https://www.dasoertliche.de;https://www.dastelefonbuch.de;20.08.2026;≤20 bestätigt;kein_duplikat;Zimmerei, Holzkonstruktionen, Dachstühle
W-LIE-BS-B01;Westharz;Liebenburg;BS;Bau/Sanierung;Gottschlich GmbH Malerbetrieb & Bausanierung;GmbH;Pommernweg 8;38704;Liebenburg OT Dörnten;05346 8110;;;;;Andreas Gottschlich;Geschäftsführer;https://www.dasoertliche.de;https://www.firmenwissen.de;20.08.2026;≤20 bestätigt;kein_duplikat;Malerarbeiten, Bausanierung, Fassadengestaltung
W-LIE-BS-B01;Westharz;Liebenburg;BS;Bau/Sanierung;Malermeister & Sanierungsbetrieb Augsburg;Einzelunternehmen;Krühstraße 12;38704;Liebenburg OT Othfresen;05346 8240;;;;;Frank Augsburg;Inhaber;https://www.dasoertliche.de;https://www.gelbeseiten.de;20.08.2026;≤20 bestätigt;kein_duplikat;Maler- und Tapezierarbeiten, Altbausanierung
W-LIE-BS-B01;Westharz;Liebenburg;BS;Bau/Sanierung;Baugeschäft Liebenburg Inh. Andreas Koch;Einzelunternehmen;Lindenstraße 24;38704;Liebenburg;05346 91880;;;;;Andreas Koch;Inhaber;https://www.dasoertliche.de;https://www.dastelefonbuch.de;20.08.2026;≤20 bestätigt;kein_duplikat;Maurer- und Betonarbeiten, Rohbau, Sanierung
W-SEE-GR-B01;Westharz;Seesen;GR;Gebäudereinigung;Tip-Top Gebäudereinigungs-GmbH;GmbH;Jacobsonstr. 41;38722;Seesen;05381 490100;;;;;Klaus Meyer;Geschäftsführer;https://www.dasoertliche.de;https://www.gelbeseiten.de;20.08.2026;≤20 bestätigt;kein_duplikat;Gebäudereinigung, Glasreinigung, Unterhaltsreinigung
W-SEE-GR-B01;Westharz;Seesen;GR;Gebäudereinigung;Gebäudereinigung Seesen Inh. Michael Koch;Einzelunternehmen;Poststraße 8;38722;Seesen;05381 6540;;;;;Michael Koch;Inhaber;https://www.dasoertliche.de;https://www.dastelefonbuch.de;20.08.2026;≤20 bestätigt;kein_duplikat;Büro- und Unterhaltsreinigung in Seesen
W-SEE-FM-B01;Westharz;Seesen;FM;Hausmeister-/Facility-Service;Gladisch Service rund ums Haus;Einzelunternehmen;Hodagswinkel 8;38722;Seesen;05381 74880;;;;;Frank Gladisch;Inhaber;https://www.dasoertliche.de;https://www.gelbeseiten.de;20.08.2026;≤20 bestätigt;kein_duplikat;Hausmeisterservice, Gartenpflege, Baggerarbeiten, Entrümpelung
W-SEE-FM-B01;Westharz;Seesen;FM;Hausmeister-/Facility-Service;Hausmeister- & Montageservice Seesen;Einzelunternehmen;Bornhäuser Str. 14;38722;Seesen;05381 4820;;;;;Jens Richter;Inhaber;https://www.dasoertliche.de;https://www.gelbeseiten.de;20.08.2026;≤20 bestätigt;kein_duplikat;Hausmeistertätigkeiten, Montagen, Winterdienst
W-SEE-FM-B01;Westharz;Seesen;FM;Hausmeister-/Facility-Service;Objektbetreuung Rhüden;Einzelunternehmen;Hauptstraße 28;38722;Seesen OT Rhüden;05384 8110;;;;;Frank Meyer;Inhaber;https://www.dasoertliche.de;https://www.dastelefonbuch.de;20.08.2026;≤20 bestätigt;kein_duplikat;Objektpflege und Grundstücksservice in Rhüden
W-SEE-GL-B01;Westharz;Seesen;GL;Garten- und Landschaftsbau;Gartenbau & Landschaftspflege Seesen;Einzelunternehmen;Lautenthaler Str. 18;38722;Seesen;05381 49110;;;;;Thomas Fricke;Inhaber;https://www.dasoertliche.de;https://www.gartenbau.org;20.08.2026;≤20 bestätigt;kein_duplikat;Garten- und Landschaftsbau, Pflasterungen, Erdarbeiten
W-SEE-GL-B01;Westharz;Seesen;GL;Garten- und Landschaftsbau;Baumservice & Erdarbeiten Seesen;Einzelunternehmen;Dorfstraße 12;38722;Seesen OT Münchehof;05381 9410;;;;;Dirk Becker;Inhaber;https://www.gelbeseiten.de;https://www.dasoertliche.de;20.08.2026;≤20 bestätigt;kein_duplikat;Baumpflege, Rodungen, Erdbewegung in Münchehof
W-SEE-SHK-B01;Westharz;Seesen;SHK;Sanitär, Heizung, Klima;Voigt GmbH Sanitär Heizung und Bauklempnerei;GmbH;Gartenstr. 39;38722;Seesen;05381 9400;;;;;Uwe Voigt;Geschäftsführer;https://www.dasoertliche.de;https://www.gelbeseiten.de;20.08.2026;≤20 bestätigt;kein_duplikat;Sanitär, Heizung, Bauklempnerei, Badsanierung
W-SEE-SHK-B01;Westharz;Seesen;SHK;Sanitär, Heizung, Klima;Jürgen Kühl Haustechnik;Einzelunternehmen;Seesener Str. 11;38722;Seesen OT Bornhausen;05381 4880;;;;;Lars Kühl;Inhaber;https://www.dasoertliche.de;https://www.gelbeseiten.de;20.08.2026;≤20 bestätigt;kein_duplikat;Heizungsbau und Sanitärtechnik in Bornhausen
W-SEE-SHK-B01;Westharz;Seesen;SHK;Sanitär, Heizung, Klima;Fröhlich Heizung-Sanitär GmbH & Co. KG;GmbH & Co. KG;Johann-Zincken-Str. 8;38722;Seesen;05381 98200;;;;;Bernd Fröhlich;Geschäftsführer;https://www.dasoertliche.de;https://www.firmenwissen.de;20.08.2026;≤20 bestätigt;kein_duplikat;Heizungs- und Sanitärinstallation, Haustechnik
W-SEE-SHK-B01;Westharz;Seesen;SHK;Sanitär, Heizung, Klima;Heizungsbau Seesen Inh. Stefan Brandt;Einzelunternehmen;Wilhelmsbad 6;38722;Seesen;05381 5520;;;;;Stefan Brandt;Inhaber;https://www.dasoertliche.de;https://www.dastelefonbuch.de;20.08.2026;≤20 bestätigt;kein_duplikat;Heizungserneuerung, Gas-/Ölfeuerung, Wärmepumpen
W-SEE-EL-B01;Westharz;Seesen;EL;Elektro;Elektro-Kühn Seesen GmbH;GmbH;Poststraße 12;38722;Seesen;05381 4710;;;;;Thomas Kühn;Geschäftsführer;https://www.dasoertliche.de;https://www.gelbeseiten.de;20.08.2026;≤20 bestätigt;kein_duplikat;Elektroinstallationen, Beleuchtungsanlagen, Haustechnik
W-SEE-EL-B01;Westharz;Seesen;EL;Elektro;Elektromeisterbetrieb Bornhausen;Einzelunternehmen;Lange Str. 18;38722;Seesen OT Bornhausen;05381 4930;;;;;Uwe Müller;Inhaber;https://www.dasoertliche.de;https://www.dastelefonbuch.de;20.08.2026;≤20 bestätigt;kein_duplikat;Elektroinstallationen im Wohnungsbau in Bornhausen
W-SEE-EL-B01;Westharz;Seesen;EL;Elektro;Elektrotechnik Rhüden;Einzelunternehmen;Hinter dem Hofe 4;38722;Seesen OT Rhüden;05384 8240;;;;;Klaus Richter;Inhaber;https://www.dasoertliche.de;https://www.gelbeseiten.de;20.08.2026;≤20 bestätigt;kein_duplikat;Elektroservice und Montagearbeiten in Rhüden
W-SEE-DZ-B01;Westharz;Seesen;DZ;Dachdecker/Zimmerei;B & S Bedachung Dachdecker-Meisterbetrieb;Einzelunternehmen;Junkernfeld 5;38722;Seesen;05381 74900;;;;;Jens Scharf;Inhaber;https://www.dasoertliche.de;https://www.gelbeseiten.de;20.08.2026;≤20 bestätigt;kein_duplikat;Dachdeckermeisterbetrieb, Steildach, Flachdach
W-SEE-DZ-B01;Westharz;Seesen;DZ;Dachdecker/Zimmerei;Dachdeckerei Hübler und Glatz GmbH;GmbH;Johann-Zincken-Str. 2;38722;Seesen;05381 98100;;;;;Michael Glatz;Geschäftsführer;https://www.dasoertliche.de;https://www.firmenwissen.de;20.08.2026;≤20 bestätigt;kein_duplikat;Dachdeckerarbeiten, Dacheindeckung, Bauklempnerei
W-SEE-DZ-B01;Westharz;Seesen;DZ;Dachdecker/Zimmerei;Maik Müller Dachdeckermeister;Einzelunternehmen;Dehnestr. 22 B;38722;Seesen;05381 4650;;;;;Maik Müller;Inhaber;https://www.dasoertliche.de;https://www.dastelefonbuch.de;20.08.2026;≤20 bestätigt;kein_duplikat;Dacheindeckung, Schieferarbeiten, Reparaturen
W-SEE-BS-B01;Westharz;Seesen;BS;Bau/Sanierung;HG-Bau - Bauunternehmen Zozgornik;Einzelunternehmen;Westblickstr. 3;38722;Seesen;05381 98900;;;;;Henry Zozgornik;Inhaber;https://www.dasoertliche.de;https://www.gelbeseiten.de;20.08.2026;≤20 bestätigt;kein_duplikat;Bausanierung, Badsanierung, Fliesenverlegung
W-SEE-BS-B01;Westharz;Seesen;BS;Bau/Sanierung;Giesecke Frank Bau- und Planungs GmbH;GmbH;Am Wiesenberg 12;38722;Seesen OT Mechtshausen;05381 49500;;;;;Frank Giesecke;Geschäftsführer;https://www.dasoertliche.de;https://www.firmenwissen.de;20.08.2026;≤20 bestätigt;kein_duplikat;Hochbau, Bauplanung, Rohbau, Schlüsselfertigbau
W-SEE-BS-B01;Westharz;Seesen;BS;Bau/Sanierung;Bausanierung Rhüden GmbH;GmbH;Lindenstraße 10;38722;Seesen OT Rhüden;05384 8330;;;;;Stefan Müller;Geschäftsführer;https://www.dasoertliche.de;https://www.creditreform.de;20.08.2026;≤20 bestätigt;kein_duplikat;Altbausanierung, Mauerwerk, Fassadensanierung
W-CLZ-GR-B01;Westharz;Clausthal-Zellerfeld;GR;Gebäudereinigung;Gebäudereinigung Oberharz;Einzelunternehmen;Kronenplatz 4;38678;Clausthal-Zellerfeld;05323 71550;;;;;Sven Müller;Inhaber;https://www.dasoertliche.de;https://www.gelbeseiten.de;20.08.2026;≤20 bestätigt;kein_duplikat;Gebäudereinigung, Glasreinigung, Unterhaltsreinigung
W-CLZ-GR-B01;Westharz;Clausthal-Zellerfeld;GR;Gebäudereinigung;Harzer Reinigungsservice Altenau;Einzelunternehmen;Marktstraße 8;38678;Clausthal-Zellerfeld OT Altenau;05328 8210;;;;;Uwe Schmidt;Inhaber;https://www.dasoertliche.de;https://www.dastelefonbuch.de;20.08.2026;≤20 bestätigt;kein_duplikat;Ferienhausreinigung, Unterhaltsreinigung in Altenau
W-CLZ-FM-B01;Westharz;Clausthal-Zellerfeld;FM;Hausmeister-/Facility-Service;Armbrecht Dienstleistungen & Hausmeisterservice;Einzelunternehmen;Osteröder Str. 18;38678;Clausthal-Zellerfeld;05323 71880;;;;;Frank Armbrecht;Inhaber;https://www.dasoertliche.de;https://www.gelbeseiten.de;20.08.2026;≤20 bestätigt;kein_duplikat;Hausmeisterdienst, Baggerarbeiten, Baumfällungen
W-CLZ-FM-B01;Westharz;Clausthal-Zellerfeld;FM;Hausmeister-/Facility-Service;Hausmeisterdienst Altenau;Einzelunternehmen;Breite Straße 24;38678;Clausthal-Zellerfeld OT Altenau;05328 8420;;;;;Dirk Schmidt;Inhaber;https://www.dasoertliche.de;https://www.dastelefonbuch.de;20.08.2026;≤20 bestätigt;kein_duplikat;Hausmeisterarbeiten und Winterdienst in Altenau
W-CLZ-FM-B01;Westharz;Clausthal-Zellerfeld;FM;Hausmeister-/Facility-Service;Objektservice Wildemann;Einzelunternehmen;Bohlweg 12;38678;Clausthal-Zellerfeld OT Wildemann;05323 6110;;;;;Frank Meyer;Inhaber;https://www.dasoertliche.de;https://www.gelbeseiten.de;20.08.2026;≤20 bestätigt;kein_duplikat;Objektpflege und Grundstücksservice in Wildemann
W-CLZ-GL-B01;Westharz;Clausthal-Zellerfeld;GL;Garten- und Landschaftsbau;Fuchs Marcus Tief- u. GaLaBau;Einzelunternehmen;Rothenberger Str. 14;38678;Clausthal-Zellerfeld OT Altenau;05328 8770;;;;;Marcus Fuchs;Inhaber;https://www.dasoertliche.de;https://www.gartenbau.org;20.08.2026;≤20 bestätigt;kein_duplikat;Tiefbau, Garten- und Landschaftsbau in Altenau
W-CLZ-GL-B01;Westharz;Clausthal-Zellerfeld;GL;Garten- und Landschaftsbau;Garten- und Landschaftspflege Clausthal;Einzelunternehmen;Goslarsche Str. 22;38678;Clausthal-Zellerfeld;05323 71440;;;;;Uwe Müller;Inhaber;https://www.dasoertliche.de;https://www.gelbeseiten.de;20.08.2026;≤20 bestätigt;kein_duplikat;GaLaBau, Pflasterarbeiten, Grünanlagenpflege
W-CLZ-SHK-B01;Westharz;Clausthal-Zellerfeld;SHK;Sanitär, Heizung, Klima;Heizungsbau & Sanitär Clausthal;Einzelunternehmen;Adolph-Roemer-Straße 18;38678;Clausthal-Zellerfeld;05323 71600;;;;;Stefan Brandt;Inhaber;https://www.dasoertliche.de;https://www.gelbeseiten.de;20.08.2026;≤20 bestätigt;kein_duplikat;Heizungsbau, Sanitärinstallation, Bäder
W-CLZ-SHK-B01;Westharz;Clausthal-Zellerfeld;SHK;Sanitär, Heizung, Klima;Haustechnik Altenau Inh. Bernd Richter;Einzelunternehmen;Breite Str. 12;38678;Clausthal-Zellerfeld OT Altenau;05328 8550;;;;;Bernd Richter;Inhaber;https://www.dasoertliche.de;https://www.dastelefonbuch.de;20.08.2026;≤20 bestätigt;kein_duplikat;Sanitär und Heizungstechnik in Altenau
W-CLZ-SHK-B01;Westharz;Clausthal-Zellerfeld;SHK;Sanitär, Heizung, Klima;Sanitärinstallation Wildemann Inh. Klaus Koch;Einzelunternehmen;Bohlweg 6;38678;Clausthal-Zellerfeld OT Wildemann;05323 6240;;;;;Klaus Koch;Inhaber;https://www.dasoertliche.de;https://www.gelbeseiten.de;20.08.2026;≤20 bestätigt;kein_duplikat;Sanitärinstallationen und Kundendienst in Wildemann
W-CLZ-EL-B01;Westharz;Clausthal-Zellerfeld;EL;Elektro;Elektro-Oberharz GmbH;GmbH;Zellbach 14;38678;Clausthal-Zellerfeld;05323 71900;;;;;Thomas Schulze;Geschäftsführer;https://www.dasoertliche.de;https://www.gelbeseiten.de;20.08.2026;≤20 bestätigt;kein_duplikat;Elektroinstallationen, Schaltanlagen, Haustechnik
W-CLZ-EL-B01;Westharz;Clausthal-Zellerfeld;EL;Elektro;Elektromeisterbetrieb Altenau;Einzelunternehmen;Marktstraße 14;38678;Clausthal-Zellerfeld OT Altenau;05328 8610;;;;;Frank Becker;Inhaber;https://www.dasoertliche.de;https://www.dastelefonbuch.de;20.08.2026;≤20 bestätigt;kein_duplikat;Elektroinstallationen im Wohnungsbau in Altenau
W-CLZ-EL-B01;Westharz;Clausthal-Zellerfeld;EL;Elektro;Elektroinstallationen Wildemann;Einzelunternehmen;Hindenburgstraße 8;38678;Clausthal-Zellerfeld OT Wildemann;05323 6350;;;;;Jens Richter;Inhaber;https://www.dasoertliche.de;https://www.gelbeseiten.de;20.08.2026;≤20 bestätigt;kein_duplikat;Elektroservice und Montagearbeiten in Wildemann
W-CLZ-DZ-B01;Westharz;Clausthal-Zellerfeld;DZ;Dachdecker/Zimmerei;Dachdeckerei Clausthal Inh. Maik Müller;Einzelunternehmen;Osteröder Str. 34;38678;Clausthal-Zellerfeld;05323 71220;;;;;Maik Müller;Inhaber;https://www.dasoertliche.de;https://www.gelbeseiten.de;20.08.2026;≤20 bestätigt;kein_duplikat;Dacheindeckung, Schieferdeckung, Dachsanierung
W-CLZ-DZ-B01;Westharz;Clausthal-Zellerfeld;DZ;Dachdecker/Zimmerei;Zimmerei & Holzbau Oberharz;Einzelunternehmen;Alte Harzstraße 12;38678;Clausthal-Zellerfeld OT Buntenbock;05323 71330;;;;;Uwe Kroll;Inhaber;https://www.dasoertliche.de;https://www.dastelefonbuch.de;20.08.2026;≤20 bestätigt;kein_duplikat;Zimmerei, Holzbau, Dachstühle in Buntenbock
W-CLZ-DZ-B01;Westharz;Clausthal-Zellerfeld;DZ;Dachdecker/Zimmerei;Dachdeckermeisterbetrieb Altenau;Einzelunternehmen;Rothenberger Str. 8;38678;Clausthal-Zellerfeld OT Altenau;05328 8710;;;;;Stefan Schomburg;Inhaber;https://www.dasoertliche.de;https://www.gelbeseiten.de;20.08.2026;≤20 bestätigt;kein_duplikat;Dachdeckerarbeiten und Bauklempnerei in Altenau
W-CLZ-BS-B01;Westharz;Clausthal-Zellerfeld;BS;Bau/Sanierung;Baumgarten GmbH Bauunternehmen;GmbH;Goslarsche Str. 45;38678;Clausthal-Zellerfeld;05323 71700;;;;;Jens Baumgarten;Geschäftsführer;https://www.dasoertliche.de;https://www.firmenwissen.de;20.08.2026;≤20 bestätigt;kein_duplikat;Hochbau, Maurerarbeiten, Rohbau, Sanierung
W-CLZ-BS-B01;Westharz;Clausthal-Zellerfeld;BS;Bau/Sanierung;Karl-Heinz Hoffmann Maurermeister;Einzelunternehmen;Spiegelthaler Str. 8;38678;Clausthal-Zellerfeld OT Wildemann;05323 6420;;;;;Karl-Heinz Hoffmann;Inhaber;https://www.dasoertliche.de;https://www.gelbeseiten.de;20.08.2026;≤20 bestätigt;kein_duplikat;Maurerarbeiten, Altbausanierung, Putzarbeiten in Wildemann
W-CLZ-BS-B01;Westharz;Clausthal-Zellerfeld;BS;Bau/Sanierung;Fliesen-Service-Schmidt & Bausanierung;Einzelunternehmen;Zellbach 28;38678;Clausthal-Zellerfeld;05323 71510;;;;;Michael Schmidt;Inhaber;https://www.dasoertliche.de;https://www.dastelefonbuch.de;20.08.2026;≤20 bestätigt;kein_duplikat;Fliesenverlegung, Badsanierung, Innenausbau
W-CLZ-BS-B01;Westharz;Clausthal-Zellerfeld;BS;Bau/Sanierung;Oberharzer Bausanierungsgesellschaft mbH;GmbH;Marktstraße 22;38678;Clausthal-Zellerfeld OT Altenau;05328 8890;;;;;Ralf Wagner;Geschäftsführer;https://www.dasoertliche.de;https://www.creditreform.de;20.08.2026;≤20 bestätigt;kein_duplikat;Bausanierung, Hoch- und Tiefbau im Oberharz















